cle;statut;arabe_avant;arabe_apres;reference_francaise
"aboutAiReportBody";"relu_conserve";"راسلنا على {email} مع ذكر الآية المعنية والنص الذي ظهر لك.";"راسلنا على {email} مع ذكر الآية المعنية والنص الذي ظهر لك.";"Écrivez-nous à {email} en précisant le verset concerné et le texte affiché."
"aboutAiReportTitle";"relu_conserve";"الإبلاغ عن إجابة غير لائقة";"الإبلاغ عن إجابة غير لائقة";"Signaler une réponse inappropriée"
"aboutAiWarning";"relu_conserve";"تُنتَج شروح الآيات بواسطة نموذج لغوي يعمل داخل هاتفك، وقد يُخطئ أو يُغفل أو يُحرِّف. وليست لهذه النصوص أي حجية شرعية: فلأي مسألة في الفهم أو الأحكام، ارجع إلى القرآن والسنة وأهل العلم المؤهَّلين.";"تُنتَج شروح الآيات بواسطة نموذج لغوي يعمل داخل هاتفك، وقد يُخطئ أو يُغفل أو يُحرِّف. وليست لهذه النصوص أي حجية شرعية: فلأي مسألة في الفهم أو الأحكام، ارجع إلى القرآن والسنة وأهل العلم المؤهَّلين.";"Les explications de versets sont produites par un modèle de langage qui tourne sur votre téléphone. Il peut se tromper, omettre ou déformer. Ces textes n'ont aucune autorité religieuse : pour toute question de compréhension ou de jurisprudence, référez-vous au Coran, à la Sunna et à des savants qualifiés."
"aboutAsrBody";"relu_conserve";"نموذج للتعرُّف على الكلام العربي، دُرِّب على تلاوات، يقارن ما تقوله بالنص. وقد يُخطئ: فالكلمة المُشار إليها ليست خطأً دائمًا.";"نموذج للتعرُّف على الكلام العربي، دُرِّب على تلاوات، يقارن ما تقوله بالنص. وقد يُخطئ: فالكلمة المُشار إليها ليست خطأً دائمًا.";"Un modèle de reconnaissance de la parole arabe, entraîné sur des récitations, compare ce que vous dites au texte. Il peut se tromper : un mot signalé n'est pas toujours une faute."
"aboutAsrCredit";"relu_conserve";"نموذج مشتق من نموذج NVIDIA، بترخيص CC BY 4.0، عُدِّل للتلاوة القرآنية.";"نموذج مشتق من نموذج NVIDIA، بترخيص CC BY 4.0، عُدِّل للتلاوة القرآنية.";"Modèle dérivé d'un modèle NVIDIA, sous licence CC BY 4.0, modifié pour la récitation coranique."
"aboutCopied";"relu_conserve";"تم نسخ العنوان";"تم نسخ العنوان";"Adresse copiée"
"aboutLicensesAll";"relu_conserve";"عرض جميع التراخيص";"عرض جميع التراخيص";"Voir toutes les licences"
"aboutPrivacyDiagnostic";"relu_conserve";"التشخيص — عند تفعيله في الإعدادات، تُحفَظ مقاطع صوتية وسجلٌّ داخل الجهاز. ويمكنك حذفها في أي وقت.";"التشخيص — عند تفعيله في الإعدادات، تُحفَظ مقاطع صوتية وسجلٌّ داخل الجهاز. ويمكنك حذفها في أي وقت.";"Diagnostic — s'il est activé dans les Réglages, des extraits audio et un journal sont conservés sur l'appareil. Vous pouvez les supprimer à tout moment."
"aboutPrivacyIntro";"reformule";"كل شيء يجري داخل هاتفك: لا حساب، ولا إعلانات، ولا أدوات تتبُّع.";"تُحلّل تلاوتك على هاتفك. لا يتطلب التطبيق حسابًا، ولا يعرض إعلانات أو يستخدم أدوات تتبّع.";"Tout se passe sur votre téléphone : aucun compte, aucune publicité, aucun traceur."
"aboutPrivacyLocation";"relu_conserve";"الموقع — للقبلة ومواقيت الصلاة. ويبقى داخل الجهاز.";"الموقع — للقبلة ومواقيت الصلاة. ويبقى داخل الجهاز.";"Position — pour la Qibla et les horaires de prière. Elle reste sur l'appareil."
"aboutPrivacyMic";"relu_conserve";"الميكروفون — تُحلَّل تلاوتك داخل الجهاز، ولا تُرسَل إلى أي جهة.";"الميكروفون — تُحلَّل تلاوتك داخل الجهاز، ولا تُرسَل إلى أي جهة.";"Micro — votre récitation est analysée sur l'appareil, jamais envoyée ailleurs."
"aboutPrivacyNetwork";"reformule";"الشبكة — فقط لتنزيل التلاوات والأذكار التي تطلبها.";"الإنترنت — يُستخدم لجلب محتوى القرآن والتلاوات والأذكار وتشغيل الإذاعات، بحسب ما تفتحه أو تختار تنزيله.";"Réseau — seulement pour télécharger les récitations et invocations que vous demandez."
"aboutSectionAi";"relu_conserve";"المعلِّم الذكي";"المعلِّم الذكي";"Tuteur IA"
"aboutSectionAsr";"reformule";"ما الذي يتحقَّق من تلاوتك";"كيف يحلّل التطبيق تلاوتك؟";"Ce qui vérifie votre récitation"
"aboutSectionLicenses";"relu_conserve";"التراخيص";"التراخيص";"Licences"
"aboutSectionPrivacy";"relu_conserve";"بياناتك";"بياناتك";"Vos données"
"aboutSectionSources";"relu_conserve";"المصادر";"المصادر";"Sources"
"aboutSourceDuas";"relu_conserve";"صوت الأذكار: hisnmuslim.com.";"صوت الأذكار: hisnmuslim.com.";"Audio des invocations : hisnmuslim.com."
"aboutSourceQuran";"relu_conserve";"نص القرآن والتلاوات: Quran.com.";"نص القرآن والتلاوات: Quran.com.";"Texte du Coran et récitations : Quran.com."
"aboutTagline";"reformule";"تلاوة القرآن، مع التحقق داخل جهازك.";"اقرأ القرآن وتدرّب على تلاوته بتحليل صوتي على جهازك.";"Réciter le Coran, vérifié sur votre appareil."
"aboutTitle";"relu_conserve";"حول التطبيق";"حول التطبيق";"À propos"
"aboutVersionLine";"relu_conserve";"الإصدار {version} (بناء {build})";"الإصدار {version} (بناء {build})";"Version {version} (build {build})"
"appTitle";"relu_conserve";"قرآن كريم";"قرآن كريم";"Coran Karim"
"coachAccompagnementSousTitre";"reformule";"تذكيرات يومية، ومراجعة الآيات كثيرة الخطأ، وتنبيه عند خطر انقطاع السلسلة.";"تذكيرات يومية، ومراجعة الآيات التي تحتاج إلى تدريب، وتنبيه للمحافظة على المواظبة.";"Rappels quotidiens, retour sur les versets souvent ratés, alerte quand la série est en danger."
"coachAccuracyPercent";"reformule";"دقة {pct}٪";"دقة التعرّف: {pct}٪";"{pct}% de précision"
"coachAlreadyKnow";"reformule";"أعرفها من قبل";"أحفظ هذه الآية";"Je sais déjà"
"coachAnalyzingAudio";"relu_conserve";"تحليل الصوت جارٍ…";"تحليل الصوت جارٍ…";"Analyse Whisper en cours…"
"coachArchiveUnreadable";"reformule";"الأرشيف غير قابل للقراءة: {erreur}";"تعذّر فتح سجل التلاوات: {erreur}";"Archive illisible : {erreur}"
"coachBackToTraining";"relu_conserve";"العودة إلى التدريب";"العودة إلى التدريب";"Retour entraînement"
"coachContinuePortion";"reformule";"متابعة/إعادة هذا المقطع";"تلاوة هذا المقطع مجددًا";"Continuer/refaire cette portion"
"coachControlDone";"relu_conserve";"انتهت التلاوة";"انتهت التلاوة";"Récitation terminée"
"coachDashPointsLabel";"relu_conserve";"النقاط";"النقاط";"Points"
"coachDashProgressMoreHorizons";"relu_conserve";"عرض السنة والقرآن كاملاً";"عرض السنة والقرآن كاملاً";"Voir l'année et le Coran entier"
"coachDashProgressRemaining";"reformule";"{count, plural, =0{تم بلوغ الهدف} =1{بقي ربع واحد} other{بقي {count} أرباع}}";"{count, plural, =0{تم بلوغ الهدف} =1{بقي ربع حزب واحد} =2{بقي ربعان من الحزب} few{بقيت {count} أرباع حزب} many{بقي {count} ربع حزب} other{أرباع الحزب المتبقية: {count}}}";"{count, plural, =0{Objectif atteint} =1{Encore 1 quart} other{Encore {count} quarts}}"
"coachDashProgressTitle";"relu_conserve";"التقدّم — {periode}";"التقدّم — {periode}";"Progression — {periode}"
"coachDashStreakLabel";"reformule";"السلسلة";"أيام المواظبة";"Série"
"coachDashStreakValue";"reformule";"{count, plural, =0{لا شيء} =1{يوم واحد} other{{count} أيام}}";"{count, plural, =0{لم تبدأ بعد} =1{يوم واحد} =2{يومان} few{{count} أيام} many{{count} يومًا} other{{count} يوم}}";"{count, plural, =0{Aucune} =1{1 jour} other{{count} jours}}"
"coachDashTodayDone";"relu_conserve";"تم";"تم";"Atteint"
"coachDashTodayLabel";"relu_conserve";"اليوم";"اليوم";"Aujourd'hui"
"coachDashTodayPending";"relu_conserve";"جارٍ";"جارٍ";"En cours"
"coachDeleteRecitation";"relu_conserve";"حذف هذه التلاوة";"حذف هذه التلاوة";"Supprimer cette récitation"
"coachDeleteRecitationBody";"relu_conserve";"ستُحذف نتيجة هذه الجلسة وتسجيلات كلماتها نهائيًا. أما سجل المدرّب التراكمي (إحصاءات كل سورة) فلا يتأثر.";"ستُحذف نتيجة هذه الجلسة وتسجيلات كلماتها نهائيًا. أما سجل المدرّب التراكمي (إحصاءات كل سورة) فلا يتأثر.";"Le résultat et les enregistrements audio de mots de cette session seront définitivement supprimés. Le journal cumulé du Coach (statistiques par sourate) n'est pas affecté."
"coachDeleteRecitationTitle";"relu_conserve";"حذف هذه التلاوة؟";"حذف هذه التلاوة؟";"Supprimer cette récitation ?"
"coachDoneLecture";"relu_conserve";"تم تحليل القراءة";"تم تحليل القراءة";"Lecture analysée"
"coachExplanationError";"relu_conserve";"خطأ: {error}";"خطأ: {error}";"Erreur : {error}"
"coachExplanationExpand";"relu_conserve";"تعمّق أكثر";"تعمّق أكثر";"Approfondir"
"coachExplanationLanguageTooltip";"relu_conserve";"اللغة";"اللغة";"Langue"
"coachExplanationListen";"relu_conserve";"استماع";"استماع";"Écouter"
"coachExplanationNoneAvailable";"relu_conserve";"لا يوجد شرح متاح لهذا المقطع على هذا الجهاز.";"لا يوجد شرح متاح لهذا المقطع على هذا الجهاز.";"Aucune explication disponible pour ce passage sur cet appareil."
"coachExplanationRoot";"relu_conserve";"الجذر: {root}";"الجذر: {root}";"Racine : {root}"
"coachExplanationStop";"relu_conserve";"إيقاف";"إيقاف";"Arrêter"
"coachFingerprintScore";"relu_conserve";"بصمة الصوت: {pct}٪";"بصمة الصوت: {pct}٪";"Empreinte vocale : {pct}%"
"coachGapSummary";"relu_conserve";"القراءة الأولى: {baseline}٪ ← من الحفظ: {control}٪ ({delta}٪)";"القراءة الأولى: {baseline}٪ ← من الحفظ: {control}٪ ({delta}٪)";"1ère lecture : {baseline}%  →  De mémoire : {control}%  ({delta}%)"
"coachGemmeAmethyste";"nouveau_relu";"";"أميثيست";"Améthyste"
"coachGemmeEmeraude";"nouveau_relu";"";"زمرّد";"Émeraude"
"coachGemmeSaphir";"nouveau_relu";"";"ياقوت أزرق";"Saphir"
"coachGemmeSeuil";"nouveau_relu";"";"{count, plural, one{تلاوة كاملة} two{تلاوتان كاملتان} few{{count} تلاوات كاملة} many{{count} تلاوة كاملة} other{{count} تلاوة كاملة}}";"{count, plural, =1{1 récitation complète} other{{count} récitations complètes}}"
"coachGemmeTopaze";"nouveau_relu";"";"توباز";"Topaze"
"coachHeaderLabel";"relu_conserve";"مدرّب الحفظ";"مدرّب الحفظ";"COACH MÉMORISATION"
"coachHubAyahErrorCount";"reformule";"الآية {ayah}  ·  {count} خطأ";"الآية {ayah} · {count, plural, =0{لا أخطاء مسجّلة} =1{خطأ واحد} =2{خطآن} few{{count} أخطاء} other{{count} خطأ}}";"Verset {ayah}  ·  {count, plural, =1{1 erreur} other{{count} erreurs}}"
"coachHubContinue";"relu_conserve";"متابعة";"متابعة";"Continuer"
"coachHubErrorNoteExplainer";"reformule";"الحرف والحركات = النطق. «التجويد» تعني أن لا الحروف ولا الحركات تفسّر الفارق في كلمة تحمل حكمًا — إنه استنتاج، لا دليل على أن الحكم لم يُراعَ.";"يشير تصنيف «الحروف» أو «الحركات» إلى اختلاف في النطق. أما تصنيف «التجويد» فهو استنتاج عند وجود اختلاف لا يفسّره حرف أو حركة في كلمة لها حكم تجويد؛ وليس دليلًا قاطعًا على خطأ في أداء الحكم.";"Lettre et Harakat = prononciation. « Tajwid » signifie que ni les lettres ni les voyelles n'expliquent l'écart sur un mot porteur d'une règle — c'est une déduction, pas une preuve que la règle a été ratée."
"coachHubErrorsSectionSubtitle";"relu_conserve";"حسب النوع ثم حسب السورة";"حسب النوع ثم حسب السورة";"Par type, puis par sourate"
"coachHubErrorsSectionTitle";"relu_conserve";"أخطائي";"أخطائي";"MES ERREURS"
"coachHubExplanationTooltip";"relu_conserve";"شرح";"شرح";"Explication"
"coachHubGameActionSubtitle";"reformule";"تظهر الكلمات واحدة تلو الأخرى، أكمل الباقي من حفظك";"اختر الكلمة التالية وأكمل الآية من حفظك";"Les mots se dévoilent un à un, à toi de réciter le reste"
"coachHubGameActionTitle";"reformule";"لعبة الحفظ";"لعبة تسلسل الكلمات";"Jeu de mémorisation"
"coachHubGameSectionSubtitle";"reformule";"استرجاع تدريجي، درجة بعد درجة";"تدرّب على ترتيب الكلمات من حفظك";"Rappel progressif, palier par palier"
"coachHubGameSectionTitle";"relu_conserve";"العب";"العب";"Jouer"
"coachHubGoToMindMap";"relu_conserve";"تحديد الموقع في الخريطة الذهنية";"تحديد الموقع في الخريطة الذهنية";"Situer dans la carte mentale"
"coachHubLoadErrorLog";"relu_conserve";"تعذّر تحميل السجل: {error}";"تعذّر تحميل السجل: {error}";"Impossible de charger le journal : {error}"
"coachHubMemorizeSectionSubtitle";"relu_conserve";"آية بآية، بالميكروفون";"آية بآية، بالميكروفون";"Verset par verset, avec le micro"
"coachHubMemorizeSectionTitle";"relu_conserve";"الحفظ";"الحفظ";"MÉMORISER"
"coachHubMemorizeSurahSubtitle";"relu_conserve";"قراءة ← تدريب ← اختبار";"قراءة ← تدريب ← اختبار";"Lecture → Apprentissage → Contrôle"
"coachHubMemorizeSurahTitle";"relu_conserve";"حفظ سورة";"حفظ سورة";"Mémoriser une sourate"
"coachHubNoErrorsBody";"relu_conserve";"اتلُ من «تلاوة» أو «حفظ»: ستظهر هنا الكلمات المُعادة، مجمّعة حسب السورة.";"اتلُ من «تلاوة» أو «حفظ»: ستظهر هنا الكلمات المُعادة، مجمّعة حسب السورة.";"Récite depuis « Réciter » ou « Mémoriser » : les mots repris apparaîtront ici, regroupés par sourate."
"coachHubNoErrorsTitle";"relu_conserve";"لا توجد أخطاء مسجّلة";"لا توجد أخطاء مسجّلة";"Aucune erreur journalisée"
"coachHubPickerGameSubtitle";"relu_conserve";"اختر السورة التي تريد حفظها باللعب";"اختر السورة التي تريد حفظها باللعب";"Choisis la sourate à mémoriser en jouant"
"coachHubPickerGameTitle";"reformule";"لعبة الحفظ";"لعبة تسلسل الكلمات";"Jeu de mémorisation"
"coachHubPickerMemorizeSubtitle";"reformule";"اختر السورة للعمل عليها";"اختر السورة التي تريد حفظها";"Choisis la sourate à travailler"
"coachHubPickerMemorizeTitle";"relu_conserve";"حفظ";"حفظ";"Mémoriser"
"coachHubPickerReciteSubtitle";"relu_conserve";"اختر السورة للتلاوة";"اختر السورة للتلاوة";"Choisis la sourate à réciter"
"coachHubPickerReciteTitle";"relu_conserve";"تلاوة";"تلاوة";"Réciter"
"coachHubReciteSurahSubtitle";"relu_conserve";"متابعة كلمة بكلمة، تصحيح مباشر";"متابعة كلمة بكلمة، تصحيح مباشر";"Suivi mot à mot, correction en direct"
"coachHubReciteSurahTitle";"relu_conserve";"تلاوة سورة";"تلاوة سورة";"Réciter une sourate"
"coachHubResetErrorsDialogBody";"relu_conserve";"سيُمحى كامل سجل الأخطاء (كل السور، كل الأنواع) نهائيًا. لا يمكن التراجع عن هذا الإجراء.";"سيُمحى كامل سجل الأخطاء (كل السور، كل الأنواع) نهائيًا. لا يمكن التراجع عن هذا الإجراء.";"Tout l'historique des erreurs (toutes sourates, tous types) sera effacé définitivement. Cette action est irréversible."
"coachHubResetErrorsDialogCancel";"relu_conserve";"إلغاء";"إلغاء";"Annuler"
"coachHubResetErrorsDialogConfirm";"relu_conserve";"إعادة التعيين";"إعادة التعيين";"Réinitialiser"
"coachHubResetErrorsDialogTitle";"relu_conserve";"إعادة تعيين الإحصائيات؟";"إعادة تعيين الإحصائيات؟";"Réinitialiser les statistiques ?"
"coachHubResetErrorsDone";"relu_conserve";"تمت إعادة تعيين سجل الأخطاء.";"تمت إعادة تعيين سجل الأخطاء.";"Journal d'erreurs réinitialisé."
"coachHubResetErrorsTooltip";"relu_conserve";"إعادة تعيين سجل الأخطاء";"إعادة تعيين سجل الأخطاء";"Réinitialiser le journal d'erreurs"
"coachHubResumeLabel";"relu_conserve";"متابعة";"متابعة";"Reprendre"
"coachHubResumeVerse";"relu_conserve";"{surahName} — الآية {ayah}";"{surahName} — الآية {ayah}";"{surahName} — verset {ayah}"
"coachHubReviewVerseTooltip";"relu_conserve";"مراجعة هذه الآية";"مراجعة هذه الآية";"Revoir ce verset"
"coachHubRuleBreakdownTitle";"relu_conserve";"التفصيل حسب حكم التجويد";"التفصيل حسب حكم التجويد";"Détail par règle de tajwid"
"coachHubTitle";"relu_conserve";"مدرّبي";"مدرّبي";"Mon coach"
"coachHubVersesTouched";"relu_conserve";"{count} آية من {total}";"{count} آية من {total}";"{count, plural, =1{1 verset} other{{count} versets}} sur {total}"
"coachImitateInstruction";"reformule";"شغّل الصوت وتكلّم في الوقت نفسه. حاكِ الإيقاع والوقفات والنبرة.";"شغّل التلاوة وردّد مع القارئ، متابعًا نطقه وإيقاعه ومواضع وقفه.";"Lance l'audio et parle en même temps. Copie le rythme, les pauses, l'intonation."
"coachImitatedNext";"reformule";"حاكيت — أكرّر وحدي";"جاهز للترديد وحدي";"J'ai imité — Répéter seul"
"coachIncrementalInstruction";"reformule";"استمع ثم كرّر. تكبر المرحلة مع كل نجاح.";"استمع ثم ردّد. يزداد طول المقطع تدريجيًا مع تقدّمك.";"Écoute puis répète. Le palier grandit à chaque réussite."
"coachIncrementalListening";"relu_conserve";"الاستماع جارٍ…";"الاستماع جارٍ…";"Écoute en cours…"
"coachIncrementalPreparing";"relu_conserve";"التحضير جارٍ…";"التحضير جارٍ…";"Préparation…"
"coachIncrementalTapToStart";"relu_conserve";"اضغط لإعادة المحاولة";"اضغط لإعادة المحاولة";"Appuie pour réessayer"
"coachIncrementalUnitProgress";"relu_conserve";"المرحلة {done}/{total}";"المرحلة {done}/{total}";"Palier {done}/{total}"
"coachIncrementalVerseAdvance";"relu_conserve";"الآية التالية";"الآية التالية";"Verset suivant"
"coachKeepTraining";"relu_conserve";"واصل التدريب";"واصل التدريب";"Continue à t'entraîner"
"coachLaunchAndImitate";"reformule";"شغّل الصوت وحاكِه";"تشغيل التلاوة والترديد معها";"Lance l'audio et imite"
"coachListenInstruction";"relu_conserve";"استمع إلى القارئ. تابع كل كلمة بعينيك.";"استمع إلى القارئ. تابع كل كلمة بعينيك.";"Écoute le récitateur. Suis chaque mot avec les yeux."
"coachListeningAudio";"relu_conserve";"الاستماع جارٍ…";"الاستماع جارٍ…";"Écoute en cours…"
"coachListeningControl";"relu_conserve";"التلاوة من الحفظ جارية…";"التلاوة من الحفظ جارية…";"Récite de mémoire…"
"coachListeningLecture";"reformule";"أسجّل الكلمات الصعبة…";"جارٍ تسجيل التلاوة وتحليلها…";"Je note les mots difficiles…"
"coachMemorizedConfirmed";"reformule";"تأكّد الحفظ!";"اجتزت اختبار الحفظ!";"Mémorisation confirmée !"
"coachMindMap";"relu_conserve";"الخريطة الذهنية";"الخريطة الذهنية";"Carte mentale"
"coachMoveToControl";"reformule";"الانتقال إلى المراقبة";"اختبار الحفظ";"Passer au controle"
"coachMoveToImitation";"reformule";"الانتقال إلى المحاكاة";"الترديد مع القارئ";"Passons à l'imitation"
"coachMsgControlGoodPath";"reformule";"أنت في الطريق الصحيح. بضع تكرارات أخرى وستُرسَّخ الآية.";"أنت تتقدّم. واصل التكرار والمراجعة لتثبيت الآية.";"Tu es sur la bonne voie. Encore quelques répétitions et le verset sera ancré."
"coachMsgControlKeepTraining";"reformule";"واصل التدريب. عد إلى مرحلة القراءة لتستهدف نقاط الضعف.";"واصل التدريب، وارجع إلى القراءة لمراجعة الكلمات التي تحتاج إلى اهتمام.";"Continue à t'entraîner. Reviens à la phase lecture pour cibler les points faibles."
"coachMsgControlMashallah";"reformule";"ما شاء الله! تلاوتك من الحفظ أفضل من قراءتك الأولى — الآية محفوظة!";"ما شاء الله! تحسّنت نتيجتك في التلاوة من الحفظ مقارنة بالقراءة الأولى. واصل المراجعة لتثبيت الآية.";"Ma cha Allah ! Tu récites mieux de mémoire que lors de ta première lecture — le verset est mémorisé !"
"coachMsgControlVeryGood";"relu_conserve";"تلاوة جيدة جدًا! واصل المراجعة بانتظام لترسيخها.";"تلاوة جيدة جدًا! واصل المراجعة بانتظام لترسيخها.";"Très bonne récitation ! Continue à réviser régulièrement pour consolider."
"coachMsgLectureDifficultWords";"reformule";"هذه الكلمات كانت صعبة عليك: {words}

ركّز عليها أثناء التدريب.";"أشار التطبيق إلى هذه الكلمات: {words}

استمع إليها وراجع نطقها أثناء التدريب.";"Ces mots t'ont posé problème : {words}

Concentre-toi dessus lors de l'entraînement."
"coachMsgLectureExcellent";"reformule";"قراءة ممتازة! أتقنت نطق هذه الآية.";"أحسنت! لم يرصد التطبيق صعوبة واضحة في هذه القراءة.";"Excellente lecture ! Tu maîtrises bien la prononciation de ce verset."
"coachMsgLectureHesitant";"relu_conserve";"لوحظ بعض التردد. سيساعدك التدريب على تصحيحه.";"لوحظ بعض التردد. سيساعدك التدريب على تصحيحه.";"Quelques hésitations détectées. L'entraînement va t'aider à les corriger."
"coachMsgTrainGoodStart";"reformule";"بداية جيدة. أعد المحاولة مرة أخرى لترسيخ الكلمات المتردد فيها.";"بداية جيدة. أعد المحاولة لتثبيت الكلمات التي تردّدت فيها.";"C'est un bon début. Recommence encore une fois pour ancrer les mots hésitants."
"coachMsgTrainGreat";"relu_conserve";"أحسنت! تكرارك صحيح. يمكنك الآن اختبار حفظك دون النص.";"أحسنت! تكرارك صحيح. يمكنك الآن اختبار حفظك دون النص.";"Très bien ! Tu répètes correctement. Tu peux maintenant tester ta mémorisation sans le texte."
"coachMsgTrainRestart";"reformule";"أعد الاستماع والمحاكاة، ثم حاول التكرار من جديد.";"استمع مجددًا وردّد مع القارئ، ثم حاول وحدك.";"Reprends l'écoute et l'imitation, puis réessaie la répétition."
"coachMyRecitations";"relu_conserve";"تلاواتي";"تلاواتي";"MES RÉCITATIONS"
"coachNiveauAMonRythme";"relu_conserve";"بوتيرتي";"بوتيرتي";"À mon rythme"
"coachNiveauExigeant";"relu_conserve";"صارم";"صارم";"Exigeant"
"coachNiveauRegulier";"relu_conserve";"منتظم";"منتظم";"Régulier"
"coachNiveauTitle";"relu_conserve";"المرافقة";"المرافقة";"Accompagnement"
"coachNoFlaggedWord";"reformule";"لا توجد كلمة مُشار إليها في هذه التلاوة.";"لم يحدّد التطبيق كلمات تحتاج إلى مراجعة في هذه التلاوة.";"Aucun mot signalé sur cette récitation."
"coachNoRecitationYet";"reformule";"لا توجد تلاوة مسجّلة بعد. بعد تلاوة مُراجَعة، ستجد هنا كل كلمة مُشار إليها — بصوتك.";"لا توجد جلسة مسجّلة بعد. بعد استخدام التلاوة مع التصحيح، ستجد هنا الكلمات التي أشار إليها التطبيق وتسجيلاتك المتاحة.";"Aucune récitation enregistrée pour l’instant. Après une récitation contrôlée, vous retrouverez ici chaque mot signalé — avec votre voix."
"coachNotRecitedYet";"relu_conserve";"لم تُتلَ بعد — {nombre}";"لم تُتلَ بعد — {nombre}";"Pas encore récitées — {nombre}"
"coachObjectifAnneesCourt";"reformule";"{count, plural, =1{سنة واحدة} =2{سنتان} other{{count} سنوات}}";"{count, plural, =1{سنة واحدة} =2{سنتان} few{{count} سنوات} many{{count} سنة} other{{count} سنة}}";"{count, plural, =1{1 an} other{{count} ans}}"
"coachObjectifAnneesLabel";"reformule";"{count, plural, =1{القرآن كاملاً في سنة واحدة} =2{القرآن كاملاً في سنتين} other{القرآن كاملاً في {count} سنوات}}";"{count, plural, =1{حفظ القرآن كاملًا في سنة واحدة} =2{حفظ القرآن كاملًا في سنتين} few{حفظ القرآن كاملًا في {count} سنوات} many{حفظ القرآن كاملًا في {count} سنة} other{حفظ القرآن كاملًا في {count} سنة}}";"{count, plural, =1{Tout le Coran en 1 an} other{Tout le Coran en {count} ans}}"
"coachObjectifEcheanceDepassee";"relu_conserve";"انتهى الأجل — يمكنك منح نفسك وقتًا إضافيًا";"انتهى الأجل — يمكنك منح نفسك وقتًا إضافيًا";"Échéance atteinte — tu peux te redonner du temps"
"coachObjectifEmptyBody";"reformule";"حدّد هدف حفظ لمتابعة سلسلتك وتقدّمك.";"حدّد هدفًا للحفظ لتتابع تقدّمك وأيام مواظبتك.";"Fixe un objectif de mémorisation pour suivre ta série et ta progression."
"coachObjectifEmptyTitle";"relu_conserve";"لا يوجد هدف محدد";"لا يوجد هدف محدد";"Aucun objectif fixé"
"coachObjectifMiniEvolutionCaption";"relu_conserve";"آخر 7 أيام";"آخر 7 أيام";"7 derniers jours"
"coachObjectifPeriodProgress";"reformule";"{total, plural, =1{{faits} من ربع واحد — {periode}} other{{faits} من {total} أرباع — {periode}}}";"أرباع الحزب: {faits} من {total}، {periode}";"{total, plural, =1{{faits} sur 1 quart — {periode}} other{{faits} sur {total} quarts — {periode}}}"
"coachObjectifPeriodeCeMois";"relu_conserve";"هذا الشهر";"هذا الشهر";"ce mois-ci"
"coachObjectifPeriodeCetteAnnee";"relu_conserve";"هذه السنة";"هذه السنة";"cette année"
"coachObjectifPeriodeCoranEntier";"relu_conserve";"القرآن كاملاً";"القرآن كاملاً";"tout le Coran"
"coachObjectifPeriodeJour";"relu_conserve";"في اليوم";"في اليوم";"par jour"
"coachObjectifPeriodeMois";"relu_conserve";"في الشهر";"في الشهر";"par mois"
"coachObjectifPeriodeSemaine";"relu_conserve";"في الأسبوع";"في الأسبوع";"par semaine"
"coachObjectifQuartUnite";"relu_conserve";"ربع حزب";"ربع حزب";"quart de Hizb"
"coachObjectifQuartsLabel";"reformule";"{count, plural, =0{لا أرباع} =1{ربع حزب واحد} other{{count} أرباع حزب}}";"{count, plural, =0{لا أرباع حزب} =1{ربع حزب واحد} =2{ربعان من الحزب} few{{count} أرباع حزب} many{{count} ربع حزب} other{أرباع الحزب: {count}}}";"{count, plural, =0{Aucun quart} =1{1 quart de Hizb} other{{count} quarts de Hizb}}"
"coachObjectifResteAnneesMois";"reformule";"{annees, plural, =1{بقيت سنة واحدة} other{بقيت {annees} سنوات}}{mois, plural, =0{} =1{ وشهر واحد} other{ و{mois} أشهر}}";"المدة المتبقية: {annees, plural, =0{أقل من سنة} =1{سنة واحدة} =2{سنتان} few{{annees} سنوات} many{{annees} سنة} other{{annees} سنة}}{mois, plural, =0{} =1{ وشهر واحد} =2{ وشهران} few{ و{mois} أشهر} many{ و{mois} شهرًا} other{ و{mois} شهر}}";"{annees, plural, =1{Il reste 1 an} other{Il reste {annees} ans}}{mois, plural, =0{} =1{ et 1 mois} other{ et {mois} mois}}"
"coachObjectifResteJours";"reformule";"{count, plural, =1{بقي يوم واحد} other{بقي {count} أيام}}";"{count, plural, =0{الموعد اليوم} =1{بقي يوم واحد} =2{بقي يومان} few{بقيت {count} أيام} many{بقي {count} يومًا} other{الأيام المتبقية: {count}}}";"{count, plural, =1{Il reste 1 jour} other{Il reste {count} jours}}"
"coachObjectifResteLabel";"reformule";"{count, plural, =0{تم حفظ القرآن كاملاً} =1{بقي ربع حزب واحد من 240} other{بقي {count} أرباع حزب من 240}}";"{count, plural, =0{اكتمل هدف حفظ القرآن} =1{بقي ربع حزب واحد من 240} =2{بقي ربعان من 240} few{بقيت {count} أرباع حزب من 240} many{بقي {count} ربع حزب من 240} other{أرباع الحزب المتبقية: {count} من 240}}";"{count, plural, =0{Tout le Coran est acquis} =1{Il te reste 1 quart de Hizb sur 240} other{Il te reste {count} quarts de Hizb sur 240}}"
"coachObjectifResteMois";"reformule";"{count, plural, =1{بقي شهر واحد} other{بقي {count} أشهر}}";"{count, plural, =0{أقل من شهر متبقٍ} =1{بقي شهر واحد} =2{بقي شهران} few{بقيت {count} أشهر} many{بقي {count} شهرًا} other{الأشهر المتبقية: {count}}}";"{count, plural, =1{Il reste 1 mois} other{Il reste {count} mois}}"
"coachObjectifRythmeDetail";"reformule";"أي ≈ {parJour} في اليوم و≈ {parSemaine} في الأسبوع، بأرباع الحزب";"الهدف بأرباع الحزب: نحو {parJour} يوميًا و{parSemaine} أسبوعيًا.";"soit ≈ {parJour} par jour et ≈ {parSemaine} par semaine, en quarts de Hizb"
"coachObjectifSetButton";"relu_conserve";"تحديد هدف";"تحديد هدف";"Fixer un objectif"
"coachObjectifSheetDureeTitle";"reformule";"في كم من الوقت؟";"ما المدة التي تناسبك؟";"En combien de temps ?"
"coachObjectifSheetTitle";"relu_conserve";"هدف الحفظ";"هدف الحفظ";"Mon objectif de mémorisation"
"coachObjectifStreak";"reformule";"{count, plural, =0{لا سلسلة حالياً} =1{يوم واحد متتالٍ} other{{count} أيام متتالية}}";"{count, plural, =0{ابدأ المواظبة اليوم} =1{يوم واحد من المواظبة} =2{يومان متتاليان} few{{count} أيام متتالية} many{{count} يومًا متتاليًا} other{أيام المواظبة المتتالية: {count}}}";"{count, plural, =0{Aucune série en cours} =1{1 jour de suite} other{{count} jours de suite}}"
"coachObjectifTitle";"relu_conserve";"هدفي";"هدفي";"MON OBJECTIF"
"coachObjectifToday";"relu_conserve";"اليوم";"اليوم";"Aujourd'hui"
"coachObjectifValider";"relu_conserve";"تأكيد";"تأكيد";"Valider"
"coachObjectifWeekProgress";"reformule";"هذا الأسبوع: {faits} من {total} ربع/أرباع";"أرباع الحزب هذا الأسبوع: {faits} من {total}";"Cette semaine : {faits} sur {total} quart(s)"
"coachPortionAccuracyLabel";"reformule";"من القسم";"من كلمات المقطع";"de la portion"
"coachPortionBadgeLabel";"reformule";"قسم مُتقَن";"مقطع مُتقَن";"Portion réussie"
"coachPortionBilanDetail";"reformule";"{green} كلمة صحيحة من أصل {reached} متلوة، من إجمالي {total} في هذا القسم. الكلمة المعترَض عليها تُحتسب صحيحة.";"الكلمات المقبولة: {green}، من أصل {reached} كلمة تلوتها. مجموع كلمات المقطع: {total}. الكلمة التي اعترضت على تقييمها تُحتسب صحيحة.";"{green} mots justes sur {reached} récités, sur {total} au total dans cette portion. Un mot contesté compte comme juste."
"coachPortionBilanPercent";"relu_conserve";"{percent}٪ من الكلمات صحيحة";"{percent}٪ من الكلمات صحيحة";"{percent} % de mots justes"
"coachPortionContestedBadge";"relu_conserve";"معترَض عليها";"معترَض عليها";"Contesté"
"coachPortionCorrectedBadge";"relu_conserve";"صُحّحت";"صُحّحت";"Corrigé"
"coachPortionCoveredSuffix";"relu_conserve";" · {reached} متلوة";" · {reached} متلوة";" · {reached} récité(s)"
"coachPortionFullCoverage";"reformule";" · تغطية كاملة";" · تمت تلاوة المقطع كاملًا";" · couverture complète"
"coachPortionGameRecord";"relu_conserve";"أفضل سلسلة: {best} من {total}";"أفضل سلسلة: {best} من {total}";"Meilleur enchaînement : {best}/{total}"
"coachPortionHistorySection";"reformule";"أُخطئت سابقًا، مُتقَنة الآن";"كلمات تحسّنت في تلاوتها";"DÉJÀ RATÉS, MAINTENANT ACQUIS"
"coachPortionNoneRecitedYet";"reformule";"لم تُتلَ أي كلمة بعد في هذا القسم.";"لم تُتلَ أي كلمة في هذا المقطع بعد.";"Aucun mot récité pour l'instant sur cette portion."
"coachPortionNothingToReview";"reformule";"لا توجد كلمة للمراجعة في هذا القسم.";"لا توجد كلمات للمراجعة في هذا المقطع.";"Aucun mot à revoir sur cette portion."
"coachPortionWordsAcquired";"relu_conserve";"{green}/{total} كلمة متقنة";"{green}/{total} كلمة متقنة";"{green}/{total} mot(s) acquis"
"coachPortionWordsCovered";"reformule";"{reached}/{total} كلمة مغطاة";"الكلمات التي تلوتها: {reached}/{total}";"{reached}/{total} mot(s) couvert(s)"
"coachPortionsEmpty";"reformule";"لا يوجد قسم متابَع بعد. ستظهر هنا كل سورة (أو جزء من حزب للسور الطويلة) تتلوها مع تقدّمها التراكمي.";"لم تبدأ متابعة أي مقطع بعد. ستظهر هنا السور أو مقاطع الأحزاب التي تتلوها، مع تقدّمك المتراكم.";"Aucune portion suivie pour l'instant. Chaque sourate (ou tranche de Hizb pour les plus longues) que vous récitez apparaîtra ici avec sa progression cumulée."
"coachPortionsError";"reformule";"تعذّرت قراءة الأقسام: {error}";"تعذّر تحميل المقاطع: {error}";"Portions illisibles : {error}"
"coachPortionsTitle";"relu_conserve";"الحفظ حسب السورة";"الحفظ حسب السورة";"MÉMORISATION PAR SOURATE"
"coachReadAloudInstruction";"reformule";"اقرأ هذه الآية بصوت مرتفع — يكتشف التطبيق الكلمات الصعبة ويحفظ صوتك.";"اقرأ الآية بصوت مسموع. يسجّل التطبيق تلاوتك ويحدّد الكلمات التي قد تحتاج إلى تدريب.";"Lis ce verset à voix haute — l'app détecte les mots difficiles et mémorise ta voix."
"coachRecallBadge";"relu_conserve";"التلاوة من الحفظ";"التلاوة من الحفظ";"Récite de mémoire"
"coachRecallInstruction";"relu_conserve";"اتلُ من حفظك — النص مخفي.";"اتلُ من حفظك — النص مخفي.";"Récite de mémoire — le texte est masqué."
"coachRefreshTooltip";"relu_conserve";"تحديث";"تحديث";"Actualiser"
"coachRythmeARattraper";"reformule";"يلزم التدارك";"تحتاج إلى تدارك التأخر";"À rattraper"
"coachRythmeDerape";"relu_conserve";"تأخّر يسير";"تأخّر يسير";"Léger retard"
"coachRythmeTenu";"reformule";"على الوتيرة";"ملتزم بالهدف";"Dans le rythme"
"coachSessionAccuracyLabel";"relu_conserve";"من الكلمات المتلوة";"من الكلمات المتلوة";"des mots récités"
"coachSessionWordsCorrect";"relu_conserve";"{green}/{reached} كلمة صحيحة";"{green}/{reached} كلمة صحيحة";"{green}/{reached} mot(s) justes"
"coachSpeakAlong";"reformule";"تكلّم في نفس وقت الصوت";"ردّد مع القارئ";"Parle en même temps que l'audio"
"coachStartSurah";"relu_conserve";"ابدأ هذه السورة";"ابدأ هذه السورة";"Commencer cette sourate"
"coachStepControl";"relu_conserve";"اختبار";"اختبار";"Contrôle"
"coachStepLecture";"relu_conserve";"قراءة";"قراءة";"Lecture"
"coachStepTrain";"relu_conserve";"تدريب";"تدريب";"Entraîne"
"coachStepsExplain";"reformule";"المقطع المُتقن (100 % من الكلمات) ينال علامة. وتكراره كاملًا عدة مرات يفتح حجرًا كريمًا — يرتقي لونه بعدد التلاوات الكاملة.";"تحصل على علامة عند إتقان كلمات المقطع كلها. ومع تكرار تلاوته كاملًا، تحصل على شارة حجر كريم يتغيّر لونها بحسب عدد التلاوات المكتملة.";"Une portion mastérisée (100 % des mots acquis) gagne une coche. La répéter en entier, plusieurs fois, débloque une pierre précieuse — sa couleur monte avec le nombre de récitations complètes."
"coachStepsTitle";"relu_conserve";"مراحل التلاوة";"مراحل التلاوة";"Les paliers de récitation"
"coachSubStepImitate";"reformule";"محاكاة";"ترديد مع القارئ";"Imite"
"coachSubStepListen";"relu_conserve";"استماع";"استماع";"Écoute"
"coachSubStepRepeat";"relu_conserve";"تكرار";"تكرار";"Répète"
"coachSurahLabel";"relu_conserve";"سورة {number}";"سورة {number}";"Sourate {number}"
"coachTapToListen";"relu_conserve";"اضغط للاستماع";"اضغط للاستماع";"Appuie pour écouter"
"coachTapToRead";"relu_conserve";"اضغط واقرأ الآية";"اضغط واقرأ الآية";"Appuie et lis le verset"
"coachTapToRecall";"relu_conserve";"اضغط واتلُ من حفظك";"اضغط واتلُ من حفظك";"Appuie et récite de mémoire"
"coachTapToTrain";"relu_conserve";"اضغط واتلُ الآية";"اضغط واتلُ الآية";"Appuie et recite le verset"
"coachToggleCumulDetail";"relu_conserve";"يشمل الاختبار كل الآيات المحفوظة منذ بداية الجلسة.";"يشمل الاختبار كل الآيات المحفوظة منذ بداية الجلسة.";"Le contrôle porte sur tous les versets appris depuis le début de la session."
"coachToggleCumulTitre";"relu_conserve";"اختبار تراكمي";"اختبار تراكمي";"Contrôle cumulatif"
"coachTogglePassageAutoDetail";"relu_conserve";"عند نجاح الاختبار يبدأ تدريب الآية التالية من تلقاء نفسه.";"عند نجاح الاختبار يبدأ تدريب الآية التالية من تلقاء نفسه.";"Une fois le contrôle réussi, l'entraînement du verset suivant démarre seul."
"coachTogglePassageAutoTitre";"relu_conserve";"الانتقال التلقائي";"الانتقال التلقائي";"Passage automatique"
"coachTrainButton";"relu_conserve";"تدرّب";"تدرّب";"S'entraîner"
"coachTrainDone";"relu_conserve";"انتهت الجولة";"انتهت الجولة";"Tour termine"
"coachTrainInstruction";"relu_conserve";"اتلُ الآية كاملة من البداية. أعد المحاولة كلما احتجت.";"اتلُ الآية كاملة من البداية. أعد المحاولة كلما احتجت.";"Recite tout le verset, depuis le debut. Recommence autant de fois que necessaire."
"coachTrainListening";"relu_conserve";"أستمع إليك...";"أستمع إليك...";"Je t'ecoute..."
"coachTranscriptLabel";"relu_conserve";"النص المسموع";"النص المسموع";"TRANSCRIPT MODÈLE"
"coachVerificationModeTooltip";"relu_conserve";"وضع التحقق";"وضع التحقق";"Mode de vérification"
"coachWordUnavailable";"relu_conserve";"الآية غير متاحة";"الآية غير متاحة";"Verset indisponible"
"commonCancel";"relu_conserve";"إلغاء";"إلغاء";"Annuler"
"commonClose";"relu_conserve";"إغلاق";"إغلاق";"Fermer"
"commonConnectionRequired";"reformule";"الاتصال مطلوب";"يلزم الاتصال بالإنترنت";"Connexion requise"
"commonRetry";"relu_conserve";"إعادة المحاولة";"إعادة المحاولة";"Réessayer"
"commonStop";"relu_conserve";"إيقاف";"إيقاف";"Arrêter"
"contactIntro";"reformule";"سؤال، خلل تريد الإبلاغ عنه، اقتراح؟ اكتب رسالتك هنا — سيُفتح تطبيق البريد بعدها وكل شيء مُعبّأ، ولا يبقى إلا الإرسال.";"لديك سؤال أو اقتراح أو مشكلة؟ اكتب رسالتك هنا، ثم افتحها في تطبيق البريد لمراجعتها وإرسالها.";"Une question, un bug à signaler, une suggestion ? Écris ton message ici — l'appli mail s'ouvrira ensuite avec tout déjà rempli, il ne restera qu'à l'envoyer."
"contactMessageHint";"relu_conserve";"اكتب رسالتك…";"اكتب رسالتك…";"Écris ton message…"
"contactSubjectDefault";"relu_conserve";"القرآن الكريم — رسالة";"القرآن الكريم — رسالة";"Coran Karim — message"
"contactSubjectLabel";"relu_conserve";"الموضوع (اختياري)";"الموضوع (اختياري)";"OBJET (facultatif)"
"contactTitle";"reformule";"اتصل بنا";"تواصل معنا";"Nous contacter"
"demoLegendeOrange";"reformule";"تقريبي";"يحتاج إلى تحقق";"Approximatif"
"demoLegendeRouge";"reformule";"فرق مسموع";"اختلاف مرصود";"Écart entendu"
"demoLegendeVert";"relu_conserve";"صحيح";"صحيح";"Juste"
"demoRecitationBandeau";"relu_conserve";"مثال مُعدّ مسبقاً. الميكروفون غير مستخدم، ولا يُسجَّل شيء، ولا يتغيّر تقدّمك.";"مثال مُعدّ مسبقاً. الميكروفون غير مستخدم، ولا يُسجَّل شيء، ولا يتغيّر تقدّمك.";"Exemple préparé. Le micro n'est pas utilisé, rien n'est enregistré, ta progression n'est pas modifiée."
"demoRecitationEnCours";"relu_conserve";"جارٍ…";"جارٍ…";"En cours…"
"demoRecitationLancer";"relu_conserve";"ابدأ العرض";"ابدأ العرض";"Lancer la démonstration"
"demoRecitationRejouer";"relu_conserve";"إعادة";"إعادة";"Rejouer"
"demoRecitationTitre";"relu_conserve";"عرض توضيحي";"عرض توضيحي";"Démonstration"
"duaAddFavorite";"relu_conserve";"إضافة إلى المفضلة";"إضافة إلى المفضلة";"Mettre en favori"
"duaCollectionEmpty";"relu_conserve";"هذه المجموعة لا تزال فارغة.";"هذه المجموعة لا تزال فارغة.";"Cette collection est encore vide."
"duaHideVirtue";"relu_conserve";"إخفاء الفضل";"إخفاء الفضل";"Masquer le mérite"
"duaPlaybackError";"relu_conserve";"تعذّر التشغيل: {error}";"تعذّر التشغيل: {error}";"Lecture impossible : {error}"
"duaPourNousArguments";"relu_conserve";"بلا إعلانات · بلا حساب · بلا تتبّع";"بلا إعلانات · بلا حساب · بلا تتبّع";"Aucune publicité · Aucun compte · Aucun traceur"
"duaPourNousAskBody";"relu_conserve";"ادعُ لوالدي المتوفَّى ولأهلي.";"ادعُ لوالدي المتوفَّى ولأهلي.";"Faites une invocation pour mon père décédé et pour ma famille."
"duaPourNousAskTitle";"relu_conserve";"إن نفعك";"إن نفعك";"Si elle vous est utile"
"duaPourNousDeceasedArabic";"citation_preservee_non_reformulee";"اللَّهُمَّ اغْفِرْ لَهُ وَارْحَمْهُ، وَعَافِهِ وَاعْفُ عَنْهُ، وَأَكْرِمْ نُزُلَهُ، وَوَسِّعْ مُدْخَلَهُ";"اللَّهُمَّ اغْفِرْ لَهُ وَارْحَمْهُ، وَعَافِهِ وَاعْفُ عَنْهُ، وَأَكْرِمْ نُزُلَهُ، وَوَسِّعْ مُدْخَلَهُ";"اللَّهُمَّ اغْفِرْ لَهُ وَارْحَمْهُ، وَعَافِهِ وَاعْفُ عَنْهُ، وَأَكْرِمْ نُزُلَهُ، وَوَسِّعْ مُدْخَلَهُ"
"duaPourNousDeceasedSource";"citation_preservee_non_reformulee";"رواه مسلم";"رواه مسلم";"Rapporté par Muslim"
"duaPourNousDeceasedTranslation";"citation_preservee_non_reformulee";"اللهم اغفر له وارحمه، وعافه واعف عنه، وأكرم نزله، ووسّع مدخله.";"اللهم اغفر له وارحمه، وعافه واعف عنه، وأكرم نزله، ووسّع مدخله.";"Ô Allah, pardonne-lui, fais-lui miséricorde, préserve-le et efface ses fautes ; réserve-lui un généreux accueil et élargis son entrée."
"duaPourNousForYouArabic";"citation_preservee_non_reformulee";"اللَّهُمَّ اجْعَلِ الْقُرْآنَ رَبِيعَ قَلْبِي، وَنُورَ صَدْرِي، وَجَلَاءَ حُزْنِي، وَذَهَابَ هَمِّي";"اللَّهُمَّ اجْعَلِ الْقُرْآنَ رَبِيعَ قَلْبِي، وَنُورَ صَدْرِي، وَجَلَاءَ حُزْنِي، وَذَهَابَ هَمِّي";"اللَّهُمَّ اجْعَلِ الْقُرْآنَ رَبِيعَ قَلْبِي، وَنُورَ صَدْرِي، وَجَلَاءَ حُزْنِي، وَذَهَابَ هَمِّي"
"duaPourNousForYouBody";"relu_conserve";"يسّر الله عليك تلاوة كتابه، وثبّت حفظه في قلبك، وتقبّل منك سعيك، وجعل القرآن ربيع قلبك ونور صدرك.";"يسّر الله عليك تلاوة كتابه، وثبّت حفظه في قلبك، وتقبّل منك سعيك، وجعل القرآن ربيع قلبك ونور صدرك.";"Qu'Allah vous facilite la récitation de Son Livre, qu'Il affermisse sa mémorisation dans votre cœur, qu'Il agrée votre effort et fasse de ce Coran le printemps de votre cœur et la lumière de votre poitrine."
"duaPourNousForYouTitle";"relu_conserve";"ولك أنت";"ولك أنت";"Et pour vous"
"duaPourNousHassanatBody";"relu_conserve";"انشُر التطبيق بين من حولك: كل من يستعمله لقراءة القرآن أو حفظه فلك نصيب من أجره، إن شاء الله.";"انشُر التطبيق بين من حولك: كل من يستعمله لقراءة القرآن أو حفظه فلك نصيب من أجره، إن شاء الله.";"Partagez l'application autour de vous : chaque personne qui l'utilise pour lire ou mémoriser le Coran, c'est une part de récompense qui vous revient, in shâ' Allah."
"duaPourNousHassanatTitle";"relu_conserve";"شارِك في الحسنات";"شارِك في الحسنات";"Participez aux hassanate"
"duaPourNousIntro";"reformule";"كُتب هذا التطبيق ليكون تلاوة القرآن وتعلّمه أيسر عليك.";"أُنشئ هذا التطبيق ليسهّل عليك قراءة القرآن وتعلّم تلاوته وحفظه.";"Cette application a été écrite pour que la récitation et l'apprentissage du Coran vous soient plus faciles."
"duaPourNousShare";"relu_conserve";"انشُر التطبيق";"انشُر التطبيق";"Partager l'application"
"duaPourNousShareText";"relu_conserve";"قرآن كريم — اقرأ القرآن واتلُه واحفظه، بلا إعلانات.";"قرآن كريم — اقرأ القرآن واتلُه واحفظه، بلا إعلانات.";"Coran Karim — lire, réciter et mémoriser le Coran, sans publicité."
"duaPourNousTileSubtitle";"relu_conserve";"هذا التطبيق مجاني وبلا إعلانات";"هذا التطبيق مجاني وبلا إعلانات";"Cette application est offerte, sans publicité"
"duaPourNousTileTitle";"relu_conserve";"ادعُ لنا";"ادعُ لنا";"Une invocation pour nous"
"duaPourNousTitle";"relu_conserve";"الدعاء ونشر التطبيق";"الدعاء ونشر التطبيق";"Invocations & partage"
"duaRemoveFavorite";"relu_conserve";"إزالة من المفضلة";"إزالة من المفضلة";"Retirer des favoris"
"duaRepeatComplete";"relu_conserve";"تم — {target}/{target}";"تم — {target}/{target}";"Terminé — {target}/{target}"
"duaResetCount";"relu_conserve";"إعادة العدّ من جديد";"إعادة العدّ من جديد";"Recommencer le compte"
"duaSequenceNoneAudio";"relu_conserve";"لا توجد تلاوة صوتية في هذه القائمة — التسجيل الصوتي متاح فقط للأدعية القرآنية.";"لا توجد تلاوة صوتية في هذه القائمة — التسجيل الصوتي متاح فقط للأدعية القرآنية.";"Aucune invocation audio dans cette liste — seules les invocations coraniques ont un enregistrement."
"duaSequencePlayAll";"relu_conserve";"تشغيل الكل";"تشغيل الكل";"Lire tout"
"duaSequenceProgress";"relu_conserve";"دعاء {index}/{total}";"دعاء {index}/{total}";"Invocation {index}/{total}"
"duaSequenceSkip";"relu_conserve";"الدعاء التالي";"الدعاء التالي";"Invocation suivante"
"duaSequenceStop";"relu_conserve";"إيقاف التشغيل";"إيقاف التشغيل";"Arrêter la lecture"
"duaShowVirtue";"reformule";"لماذا تُقال";"فضل هذا الدعاء";"Pourquoi la dire"
"duasExplore";"relu_conserve";"استكشاف";"استكشاف";"Explorer"
"duasGuideBadge";"relu_conserve";"دليل";"دليل";"GUIDE"
"duasInvocationCount";"reformule";"{count} دعاء";"{count, plural, =0{لا أدعية} =1{دعاء واحد} =2{دعاءان} few{{count} أدعية} other{{count} دعاء}}";"{count, plural, =1{1 invocation} other{{count} invocations}}"
"duasMyFavorites";"relu_conserve";"المفضلة";"المفضلة";"Mes favoris"
"duasNoneFound";"relu_conserve";"لا توجد نتائج.";"لا توجد نتائج.";"Aucun résultat."
"duasNow";"relu_conserve";"الآن";"الآن";"MAINTENANT"
"duasRadioErreur";"relu_conserve";"تعذّر التشغيل. تحقق من اتصالك.";"تعذّر التشغيل. تحقق من اتصالك.";"Lecture impossible. Vérifiez votre connexion."
"duasRadioMatin";"relu_conserve";"أذكار الصباح";"أذكار الصباح";"Invocations du matin"
"duasRadioSoir";"relu_conserve";"أذكار المساء";"أذكار المساء";"Invocations du soir"
"duasRadioSousTitre";"relu_conserve";"بث مباشر — يتطلب اتصالاً بالإنترنت";"بث مباشر — يتطلب اتصالاً بالإنترنت";"Diffusion continue — nécessite une connexion"
"duasRadiosTitre";"relu_conserve";"إذاعة الأذكار";"إذاعة الأذكار";"Écoute radio invocations"
"duasScreenTitle";"relu_conserve";"الأذكار والأدعية";"الأذكار والأدعية";"Invocations & Adhkar"
"duasSearchHint";"relu_conserve";"ابحث عن دعاء أو كلمة أو مصدر…";"ابحث عن دعاء أو كلمة أو مصدر…";"Chercher une invocation, un mot, une source…"
"errorKindHarakat";"relu_conserve";"الحركات";"الحركات";"Harakat"
"errorKindLettre";"relu_conserve";"الحرف";"الحرف";"Lettre"
"errorKindOubli";"relu_conserve";"نسيان";"نسيان";"Oubli"
"errorKindSkippedWord";"relu_conserve";"كلمة مُسقَطة";"كلمة مُسقَطة";"Mot sauté"
"errorKindTajwid";"relu_conserve";"التجويد";"التجويد";"Tajwid"
"errorKindUnknown";"relu_conserve";"غير محدّد";"غير محدّد";"Indéterminé"
"guideAudioHorsLigneTexte";"reformule";"السورة المنزَّلة تُسمع دون اتصال، ولا تُنزَّل مرة أخرى.";"بعد تنزيل تلاوة السورة، يمكنك الاستماع إليها دون اتصال ما دامت محفوظة على الجهاز.";"Une sourate téléchargée s'écoute sans connexion, et ne se retéléchargera pas."
"guideAudioHorsLigneTitre";"relu_conserve";"دون اتصال";"دون اتصال";"Hors ligne"
"guideAudioNotifTexte";"reformule";"الإيقاف والتشغيل يبقيان متاحين عند تصغير التطبيق.";"يمكنك إيقاف التلاوة واستئنافها من الإشعار عند مغادرة التطبيق.";"Pause et lecture restent accessibles quand l'application est réduite."
"guideAudioNotifTitre";"relu_conserve";"من الإشعار";"من الإشعار";"Depuis la notification"
"guideAudioReciteurTexte";"relu_conserve";"أصوات عدّة متاحة، والاختيار يسري على التطبيق كله.";"أصوات عدّة متاحة، والاختيار يسري على التطبيق كله.";"Plusieurs voix sont disponibles. Le choix vaut pour toute l'application."
"guideAudioReciteurTitre";"relu_conserve";"اختيار القارئ";"اختيار القارئ";"Choisir un récitateur"
"guideChapitreAudioResume";"relu_conserve";"اختيار صوت، وتنزيله للاستماع دون اتصال.";"اختيار صوت، وتنزيله للاستماع دون اتصال.";"Choisir une voix, télécharger pour écouter hors ligne."
"guideChapitreAudioTitre";"relu_conserve";"القرّاء والصوت";"القرّاء والصوت";"Récitateurs et audio"
"guideChapitreCoachResume";"reformule";"أجزاؤك، وسلسلتك، والحفظ، والسجل.";"مقاطع التدريب وأيام المواظبة وهدف الحفظ وسجل التلاوات.";"Tes portions, ta série, la mémorisation, l'historique."
"guideChapitreDemoResume";"reformule";"مثال مُعدّ: تصحيح، وشكّ، وخطأ، ثم استئناف.";"مثال مسجّل مسبقًا يوضّح ألوان التقييم والتصحيح واستئناف التلاوة.";"Un exemple préparé : validation, doute, erreur, reprise."
"guideChapitreDemoTitre";"relu_conserve";"شاهد تلاوة";"شاهد تلاوة";"Voir une récitation"
"guideChapitreDuasResume";"relu_conserve";"الأدعية مرتبة حسب أوقات اليوم.";"الأدعية مرتبة حسب أوقات اليوم.";"Les invocations, classées par moment de la journée."
"guideChapitreGlobalResume";"relu_conserve";"أقسام التطبيق الرئيسية في أربع خطوات.";"أقسام التطبيق الرئيسية في أربع خطوات.";"Les grandes parties de l'application, en quatre étapes."
"guideChapitreGlobalTitre";"relu_conserve";"نظرة عامة";"نظرة عامة";"Tour d'ensemble"
"guideChapitreLectureResume";"relu_conserve";"قائمة السور، والاستماع، والتمرير، والعلامات.";"قائمة السور، والاستماع، والتمرير، والعلامات.";"La liste des sourates, l'écoute, le défilement, les signets."
"guideChapitreLectureTitre";"relu_conserve";"قراءة القرآن";"قراءة القرآن";"Lire le Coran"
"guideChapitreMushafResume";"reformule";"الصفحة المطبوعة، ٦٠٤ صفحات، بإطارها وزخارفها.";"اقرأ القرآن بتقسيم المصحف الورقي إلى ٦٠٤ صفحات.";"La page imprimée, 604 pages, avec son cadre et ses ornements."
"guideChapitreMushafTitre";"relu_conserve";"المصحف الورقي";"المصحف الورقي";"Le Mushaf papier"
"guideChapitrePrieresResume";"relu_conserve";"اتجاه مكة، وأوقات الصلاة، والأذان.";"اتجاه مكة، وأوقات الصلاة، والأذان.";"La direction de la Mecque, les horaires, l'adhan."
"guideChapitrePrieresTitre";"relu_conserve";"الصلاة والقبلة";"الصلاة والقبلة";"Prières et Qibla"
"guideChapitreRecitationResume";"relu_conserve";"التطبيق يستمع إلى تلاوتك وينبّه على الفروق.";"التطبيق يستمع إلى تلاوتك وينبّه على الفروق.";"L'application écoute ta récitation et signale les écarts."
"guideChapitreRecitationTitre";"reformule";"التلاوة والتصحيح";"تلاوة مع التصحيح";"Réciter et être corrigé"
"guideChapitreReglagesResume";"reformule";"اللغة والرواية والخط، وما يحدث لبياناتك.";"اللغة والرواية والخط وإعدادات الخصوصية.";"Langue, riwāya, écriture, et ce que deviennent tes données."
"guideCoachMemoTexte";"reformule";"لعبة حفظ تعيد الآيات على مراحل صغيرة.";"استمع وردّد لتثبيت الحفظ تدريجيًا، أو اختر لعبة تسلسل الكلمات للتدرّب على ترتيبها.";"Un jeu de mémorisation reprend les versets par petits paliers."
"guideCoachMemoTitre";"relu_conserve";"الحفظ";"الحفظ";"Mémoriser"
"guideCoachPortionsTexte";"reformule";"كل جزء تتلوه يُتابَع: ما ثبت وما بقي.";"تابع تقدّمك في كل مقطع: الكلمات المقبولة وما يحتاج إلى مراجعة.";"Chaque portion récitée est suivie : ce qui est acquis, ce qui reste."
"guideCoachSerieTexte";"reformule";"عدد الأيام المتتالية التي تلوت فيها. تنقطع إن تركت يوماً.";"عدد الأيام المتتالية التي سجّلت فيها تلاوة. تبدأ سلسلة جديدة إذا فاتك يوم.";"Le nombre de jours d'affilée où tu as récité. Elle se rompt si tu sautes un jour."
"guideCoachSerieTitre";"reformule";"السلسلة";"أيام المواظبة";"La série"
"guideCoachSessionsTexte";"reformule";"كل جلسة تحتفظ بكلماتها المنبَّه عليها، وبصوتك لإعادة السماع.";"راجع نتيجة كل جلسة والكلمات التي أشار إليها التطبيق، واستمع إلى تسجيلاتك المتاحة.";"Chaque session garde ses mots signalés, et l'audio de ta voix pour les réécouter."
"guideCoachSessionsTitre";"relu_conserve";"السجل";"السجل";"L'historique"
"guideDecouverteSous";"reformule";"يد تدلّك على موضع الضغط. يمكنك إيقافها في أي وقت.";"جولة تفاعلية توضّح أهم الأدوات ومواضعها. يمكنك إيقافها في أي وقت.";"Une main te montre où appuyer. Tu peux l'arrêter à tout moment."
"guideDecouverteTitre";"relu_conserve";"اكتشف التطبيق";"اكتشف التطبيق";"Découvrir l'application"
"guideDemoTexte";"relu_conserve";"انظر كيف تتلوّن الكلمات تباعاً. هذا عرض توضيحي، وليس تلاوة حقيقية.";"انظر كيف تتلوّن الكلمات تباعاً. هذا عرض توضيحي، وليس تلاوة حقيقية.";"Regarde comment les mots se colorent au fur et à mesure. C'est une démonstration, pas une vraie récitation."
"guideDuasAudioTexte";"reformule";"معظم الأدعية يمكن سماعها، والعدّاد يتابع التكرار.";"استمع إلى الدعاء عند توفر تسجيل له، واستخدم العدّاد لمتابعة عدد مرات ترديده.";"La plupart des invocations s'écoutent, et le compteur suit les répétitions."
"guideDuasAudioTitre";"relu_conserve";"الاستماع";"الاستماع";"Écouter"
"guideDuasCollectionsTexte";"reformule";"كل باب ينقسم إلى مواضع محددة: عند الاستيقاظ، وقبل النوم، وفي السفر.";"تجد داخل كل باب مجموعات بحسب المناسبة، مثل الاستيقاظ والنوم والسفر.";"Chaque univers se divise en moments précis : au réveil, avant de dormir, en voyage."
"guideDuasCollectionsTitre";"relu_conserve";"المجموعات";"المجموعات";"Les collections"
"guideDuasUniversTexte";"relu_conserve";"ستة أبواب: اليوم، والصلاة، والقرآن، والحياة اليومية، والقلب، والحج.";"ستة أبواب: اليوم، والصلاة، والقرآن، والحياة اليومية، والقلب، والحج.";"Six univers : le jour, la prière, le Coran, le quotidien, le cœur, le pèlerinage."
"guideFin";"relu_conserve";"إنهاء";"إنهاء";"Terminer"
"guideHorairesTexte";"reformule";"طريقة الحساب والأذان والتنبيه قبل الصبح: كل ذلك يُضبط هنا.";"اضبط طريقة حساب المواقيت والأذان والتذكير قبل الفجر من هنا.";"Méthode de calcul, adhan, rappel avant Sobh : tout se règle ici."
"guideLectureDefilementTexte";"relu_conserve";"النص يتمرّر وحده وتبقى الآية الجارية ظاهرة.";"النص يتمرّر وحده وتبقى الآية الجارية ظاهرة.";"Le texte défile tout seul et le verset en cours reste en vue."
"guideLectureDefilementTitre";"relu_conserve";"المتابعة أثناء الاستماع";"المتابعة أثناء الاستماع";"Suivre pendant l'écoute"
"guideLectureEcouteTexte";"reformule";"الزر الذهبي على اليمين يشغّل السورة كاملة.";"زر التشغيل يشغّل تلاوة السورة كاملة.";"Le bouton doré à droite lance la récitation de la sourate entière."
"guideLectureEcouteTitre";"relu_conserve";"الاستماع";"الاستماع";"Écouter"
"guideLectureListeTexte";"relu_conserve";"السور المئة والأربع عشرة، مع عدد آياتها ومكان نزولها.";"السور المئة والأربع عشرة، مع عدد آياتها ومكان نزولها.";"Les 114 sourates, avec leur nombre de versets et le lieu de révélation."
"guideLectureSignetTexte";"relu_conserve";"العلامة أعلى القائمة تعيدك إلى آخر قراءة.";"العلامة أعلى القائمة تعيدك إلى آخر قراءة.";"Le signet en haut de la liste te ramène à ta dernière lecture."
"guideLectureSignetTitre";"relu_conserve";"المتابعة من حيث توقفت";"المتابعة من حيث توقفت";"Reprendre où tu t'es arrêté"
"guideMushafEcritureTexte";"reformule";"الضغط المطوّل على الصفحة يفتح اختيار الخطوط الأربعة والعشرين.";"اضغط مطولًا على الصفحة لعرض الخطوط المتاحة واختيار أحدها.";"Un appui long sur la page ouvre le choix des 24 écritures."
"guideMushafEcritureTitre";"relu_conserve";"تغيير الخط";"تغيير الخط";"Changer d'écriture"
"guideMushafOuvrirTexte";"relu_conserve";"يُفتح الغلاف على الصفحة التي توقفت عندها.";"يُفتح الغلاف على الصفحة التي توقفت عندها.";"La couverture s'ouvre sur la page où tu en étais."
"guideMushafTournerTexte";"relu_conserve";"اسحب من اليسار إلى اليمين للتقدّم، كما في المصحف الحقيقي.";"اسحب من اليسار إلى اليمين للتقدّم، كما في المصحف الحقيقي.";"Balaye de gauche à droite pour avancer, comme dans un vrai mushaf."
"guideMushafTournerTitre";"relu_conserve";"تقليب الصفحات";"تقليب الصفحات";"Tourner les pages"
"guidePasser";"relu_conserve";"تخطي الدليل";"تخطي الدليل";"Passer le guide"
"guidePriereAccueilTexte";"relu_conserve";"وقت الصلاة القادمة واتجاه القبلة هنا، في الشاشة الرئيسية.";"وقت الصلاة القادمة واتجاه القبلة هنا، في الشاشة الرئيسية.";"L'heure de la prochaine prière et la direction de la Qibla sont ici, sur l'accueil."
"guidePriereFinTexte";"relu_conserve";"هذا كل شيء. يمكنك إعادة أي فصل من الإعدادات.";"هذا كل شيء. يمكنك إعادة أي فصل من الإعدادات.";"Voilà. Tu peux relancer n'importe quel chapitre depuis les réglages."
"guideQiblaTexte";"relu_conserve";"السهم يشير إلى مكة، ويصبح ذهبياً عند الاتجاه الصحيح.";"السهم يشير إلى مكة، ويصبح ذهبياً عند الاتجاه الصحيح.";"La flèche pointe vers la Mecque. Elle devient dorée quand tu es bien orienté."
"guideRecitationCorrectionTexte";"relu_conserve";"عند الانقطاع يعيد القارئ المقطع لتستأنف منه.";"عند الانقطاع يعيد القارئ المقطع لتستأنف منه.";"Sur un décrochage, le récitateur te rejoue le passage pour reprendre."
"guideRecitationCorrectionTitre";"relu_conserve";"التصحيح";"التصحيح";"La correction"
"guideRecitationCouleursTexte";"reformule";"أخضر: الكلمة صحيحة. برتقالي: شكّ. أحمر: فرق مسموع.";"بحسب تقييم التطبيق: الأخضر كلمة مقبولة، والبرتقالي نطق يحتاج إلى التحقق، والأحمر اختلاف يحتاج إلى مراجعة. قد يخطئ التقييم.";"Vert : le mot est juste. Orange : un doute. Rouge : un écart entendu."
"guideRecitationCouleursTitre";"relu_conserve";"ألوان الكلمات";"ألوان الكلمات";"Les couleurs des mots"
"guideRecitationDepartTexte";"relu_conserve";"افتح سورة، ثم ابدأ التلاوة من شاشة القراءة.";"افتح سورة، ثم ابدأ التلاوة من شاشة القراءة.";"Ouvre une sourate, puis lance la récitation depuis l'écran de lecture."
"guideRecitationMicroTexte";"relu_conserve";"يُطلب عند التلاوة لا قبلها. وكل التحليل يجري على الهاتف.";"يُطلب عند التلاوة لا قبلها. وكل التحليل يجري على الهاتف.";"Il est demandé au moment de réciter, pas avant. Tout s'analyse sur le téléphone."
"guideRecitationMicroTitre";"relu_conserve";"الميكروفون";"الميكروفون";"Le micro"
"guideReglagesEcritureTexte";"reformule";"أربعة وعشرون خطاً للمصحف، مع معاينة حقيقية قبل الاختيار.";"عاين خطوط المصحف المتاحة قبل اختيار الخط الأنسب لك.";"Vingt-quatre écritures du Mushaf, avec un aperçu réel avant de choisir."
"guideReglagesLangueTexte";"reformule";"ثلاث لغات. بالعربية تنقلب الواجهة كلها من اليمين إلى اليسار.";"اختر العربية أو الفرنسية أو الإنجليزية. تتجه الواجهة من اليمين إلى اليسار عند اختيار العربية.";"Trois langues. En arabe, toute l'interface bascule de droite à gauche."
"guideReglagesRiwayaTexte";"reformule";"حفص أو ورش: نص التطبيق كله يتبع اختيارك.";"اختر حفصًا أو ورشًا؛ يتبع نص القرآن والقرّاء المتاحون الرواية المختارة.";"Hafs ou Warsh : tout le texte de l'application suit ton choix."
"guideReglagesViePriveeTexte";"relu_conserve";"كل شيء يجري على هاتفك. بلا حساب، وبلا إعلانات.";"كل شيء يجري على هاتفك. بلا حساب، وبلا إعلانات.";"Tout se passe sur ton téléphone. Pas de compte, pas de publicité."
"guideReglagesViePriveeTitre";"relu_conserve";"بياناتك";"بياناتك";"Tes données"
"guideRejouer";"relu_conserve";"إعادة";"إعادة";"Revoir"
"guideRetour";"relu_conserve";"رجوع";"رجوع";"Retour"
"guideSuivant";"relu_conserve";"التالي";"التالي";"Suivant"
"homeFollowPrayerTooltip";"reformule";"متابعة صلاة";"متابعة التلاوة في الصلاة";"Suivre une prière"
"homeIdentifyTooltip";"relu_conserve";"البحث عن آية بالصوت";"البحث عن آية بالصوت";"Chercher un verset par la voix"
"karaokeAudioUnavailable";"relu_conserve";"الصوت غير متاح لهذه الكلمة";"الصوت غير متاح لهذه الكلمة";"Audio indisponible pour ce mot"
"karaokeAutoCorrectionSubtitle";"reformule";"كلمة حمراء ← إيقاف مؤقت، يصحّح القارئ، استئناف تلقائي";"عند رصد كلمة تحتاج إلى تصحيح، تتوقف المتابعة مؤقتًا لتسمع نطق القارئ، ثم تُستأنف تلقائيًا.";"Mot rouge → pause, le récitateur corrige, reprise auto"
"karaokeAutoCorrectionTitle";"relu_conserve";"التصحيح التلقائي";"التصحيح التلقائي";"Correction automatique"
"karaokeEcouteBientot";"relu_conserve";"ستظهر الألوان بعد الكلمات الأولى";"ستظهر الألوان بعد الكلمات الأولى";"Les couleurs arrivent après les premiers mots"
"karaokeEcouteEnCours";"relu_conserve";"أسمعك… واصل";"أسمعك… واصل";"Je t’écoute… continue"
"karaokeEngineActiveSubtitle";"relu_conserve";"نشط — حساس للحركات، قد يكون صارمًا جدًا على بعض الكلمات";"نشط — حساس للحركات، قد يكون صارمًا جدًا على بعض الكلمات";"Actif — sensible aux harakat, parfois trop sévère sur certains mots"
"karaokeEngineInactiveSubtitle";"relu_conserve";"معطّل — مقارنة نصية (تقليدية)، أقل دقة في الحركات";"معطّل — مقارنة نصية (تقليدية)، أقل دقة في الحركات";"Désactivé — comparaison texte (historique), moins fine sur les harakat"
"karaokeEngineTitle";"reformule";"المحرّك: المحاذاة القسرية (gop)";"مطابقة الصوت بالنص (GOP)";"Moteur : alignement forcé (gop)"
"karaokeFinalizing";"reformule";"الإنهاء جارٍ…";"جارٍ إكمال التحليل…";"Finalisation…"
"karaokeFinishedHint";"relu_conserve";"المس الشاشة لإعادة البدء";"المس الشاشة لإعادة البدء";"Touche l'écran pour recommencer"
"karaokeFirstRecitationBody";"relu_conserve";"هل تريد أن تكون هذه التلاوة مرجعًا لإيقاعك الطبيعي (وقفات مقاسة، دون تصحيح تلقائي)، أم تلاوة عادية الآن (بتصحيح تلقائي)؟";"هل تريد أن تكون هذه التلاوة مرجعًا لإيقاعك الطبيعي (وقفات مقاسة، دون تصحيح تلقائي)، أم تلاوة عادية الآن (بتصحيح تلقائي)؟";"Veux-tu que cette récitation serve de référence pour ton rythme naturel (pauses mesurées, sans correction automatique), ou réciter normalement dès maintenant (avec correction automatique) ?"
"karaokeFirstRecitationTitle";"relu_conserve";"أول تلاوة لهذا المقطع";"أول تلاوة لهذا المقطع";"Première récitation de ce passage"
"karaokeFollowFreeOffSubtitle";"reformule";"كل خطأ يفرض إعادة الكلمة";"تتطلب متابعة التلاوة إعادة الكلمة التي رصد التطبيق خطأً فيها.";"Chaque échec force à reprendre le mot"
"karaokeFollowFreeOnSubtitle";"reformule";"يتقدّم بحرية حتى دون إعادة دقيقة";"تستمر المتابعة حتى إن لم تُعِد الكلمة بدقة.";"Avance librement même sans reprise exacte"
"karaokeFollowFreeTitle";"reformule";"المتابعة دون حظر";"المتابعة دون إلزام بالإعادة";"Suivre sans bloquer"
"karaokeGetReady";"relu_conserve";"استعد";"استعد";"Prépare-toi"
"karaokeGo";"relu_conserve";"ابدأ!";"ابدأ!";"GO !"
"karaokeHearExpectedWordTooltip";"relu_conserve";"سماع الكلمة المتوقعة";"سماع الكلمة المتوقعة";"Entendre le mot attendu"
"karaokeHeardLabel";"relu_conserve";"المسموع";"المسموع";"entendu"
"karaokeListeningHint";"reformule";"الاستماع جارٍ — المس الدائرة للتوقف";"التطبيق يستمع إلى تلاوتك…";"À l'écoute — touche le cercle pour t'arrêter"
"karaokeLoadingModel";"relu_conserve";"جارٍ تحميل نموذج التلاوة…";"جارٍ تحميل نموذج التلاوة…";"Chargement du modèle de récitation…"
"karaokeMakeReference";"relu_conserve";"إنشاء مرجع";"إنشاء مرجع";"Faire une référence"
"karaokeMissedSuffix";"reformule";"، {count} غير معروفة";"، {count} لم يتعرّف عليها التطبيق";", {count} non reconnus"
"karaokeModelUnavailable";"relu_conserve";"نموذج التلاوة غير متاح.";"نموذج التلاوة غير متاح.";"Le modèle de récitation est indisponible."
"karaokeNewReferenceSnackbar";"relu_conserve";"ستُعيد التلاوة القادمة تحديد مرجعك لهذا المقطع.";"ستُعيد التلاوة القادمة تحديد مرجعك لهذا المقطع.";"La prochaine récitation redéfinira ta référence pour ce passage."
"karaokeNothingHeardYet";"relu_conserve";"لم يُسمع شيء بعد.";"لم يُسمع شيء بعد.";"Rien entendu pour l'instant."
"karaokePauseTooltip";"relu_conserve";"إيقاف مؤقت";"إيقاف مؤقت";"Mettre en pause"
"karaokePausedHint";"relu_conserve";"متوقف مؤقتًا — المس ⏸ للاستئناف";"متوقف مؤقتًا — المس ⏸ للاستئناف";"En pause — touche ⏸ pour reprendre"
"karaokePhraseFinSubtitle";"relu_conserve";"توقّع « صدق الله العظيم » بعد الآية الأخيرة";"توقّع « صدق الله العظيم » بعد الآية الأخيرة";"Attendre « صدق الله العظيم » après le dernier verset — aide l'app à juger le dernier mot"
"karaokePhraseFinTitle";"relu_conserve";"عبارة ختام السورة";"عبارة ختام السورة";"Phrase de fin de sourate"
"karaokePreparingMicrophone";"relu_conserve";"جارٍ تجهيز الميكروفون…";"جارٍ تجهيز الميكروفون…";"Préparation du micro…"
"karaokeReciteNormally";"relu_conserve";"تلاوة عادية";"تلاوة عادية";"Réciter normalement"
"karaokeRedoReferenceTooltip";"relu_conserve";"إعادة تلاوتي المرجعية";"إعادة تلاوتي المرجعية";"Refaire ma récitation de référence"
"karaokeReferenceInProgressBody";"relu_conserve";"اتلُ بشكل طبيعي، بإيقاعك.";"اتلُ بشكل طبيعي، بإيقاعك.";"Récite naturellement, à ton rythme."
"karaokeReferenceInProgressTitle";"relu_conserve";"تسجيل المرجع جارٍ";"تسجيل المرجع جارٍ";"Référence en cours d'enregistrement"
"karaokeReferenceNotSaved";"relu_conserve";"لم يُحفظ المرجع: تم التعرّف بشكل جيد على {pct}٪ فقط من الكلمات ({correct}/{total} صحيحة{extra}). يجب أن يعكس المرجع تلاوة موثوقة — اقترب من الميكروفون، قلّل الضجيج المحيط، وأعد المحاولة بإيقاعك الطبيعي.";"لم يُحفظ المرجع: تم التعرّف بشكل جيد على {pct}٪ فقط من الكلمات ({correct}/{total} صحيحة{extra}). يجب أن يعكس المرجع تلاوة موثوقة — اقترب من الميكروفون، قلّل الضجيج المحيط، وأعد المحاولة بإيقاعك الطبيعي.";"Référence non enregistrée : seulement {pct}% des mots ont été bien reconnus ({correct}/{total} corrects{extra}). Une référence doit refléter une récitation fiable — rapproche-toi du micro, réduis le bruit ambiant, et réessaie à ton rythme naturel."
"karaokeReferenceRecordingBody";"reformule";"أول تلاوة لهذا المقطع: اتلُ بإيقاعك الطبيعي — ستُحفظ طريقتك في التلاوة (الوقفات، الإيقاع) وتُحترم في كل تلاواتك القادمة.";"اقرأ المقطع بإيقاعك المعتاد. إذا كانت نتيجة التعرّف كافية، يحفظ التطبيق وقفاتك وإيقاعك للاستفادة منها في تلاواتك اللاحقة لهذا المقطع.";"Première récitation de ce passage : récite à ton rythme naturel — ta manière de réciter (pauses, tempo) sera mémorisée et respectée pour toutes tes prochaines récitations."
"karaokeReferenceRecordingTitle";"relu_conserve";"تلاوة مرجعية";"تلاوة مرجعية";"Récitation de référence"
"karaokeReferenceSaved";"relu_conserve";"تم حفظ طريقتك في التلاوة لهذا المقطع ✓ (نسبة تعرّف {pct}٪، {pauseCount} وقفة مكتسبة)";"تم حفظ طريقتك في التلاوة لهذا المقطع ✓ (نسبة تعرّف {pct}٪، {pauseCount} وقفة مكتسبة)";"Ta manière de réciter ce passage est mémorisée ✓ ({pct}% de reconnaissance, {pauseCount} pauses apprises)"
"karaokeReferenceStartHint";"reformule";"المس الشاشة لتسجيل تلاوتك المرجعية";"اضغط لإعادة محاولة تسجيل التلاوة المرجعية";"Touche l'écran pour enregistrer ta récitation de référence"
"karaokeRepeatIndicated";"relu_conserve";"كرّر الكلمة المشار إليها ↓";"كرّر الكلمة المشار إليها ↓";"Répète le mot indiqué ↓"
"karaokeRestartTooltip";"relu_conserve";"إعادة";"إعادة";"Refaire"
"karaokeResumeTooltip";"relu_conserve";"استئناف";"استئناف";"Reprendre"
"karaokeSensitivityDescription";"relu_conserve";"أكثر تساهلاً: يقبل الحركات/النطق غير الدقيق باللون الأخضر. أكثر صرامة: يتطلب نطقًا أقرب إلى النموذج.";"أكثر تساهلاً: يقبل الحركات/النطق غير الدقيق باللون الأخضر. أكثر صرامة: يتطلب نطقًا أقرب إلى النموذج.";"Plus tolérant : accepte des harakat/prononciations imprécises en vert. Plus strict : exige une prononciation plus proche du modèle."
"karaokeSensitivityTitle";"relu_conserve";"حساسية التصحيح";"حساسية التصحيح";"Sensibilité de la correction"
"karaokeStartFailed";"relu_conserve";"تعذر بدء الاستماع.";"تعذر بدء الاستماع.";"Impossible de démarrer l’écoute."
"karaokeStrictnessStrictSubtitle";"relu_conserve";"صارم — يُعاد الأحمر والبرتقالي (غير الدقيق) معًا";"صارم — يُعاد الأحمر والبرتقالي (غير الدقيق) معًا";"Strict — rouge ET orange (imprécis) sont repris"
"karaokeStrictnessTitle";"relu_conserve";"صرامة التصحيح";"صرامة التصحيح";"Rigueur de la correction"
"karaokeStrictnessTolerantSubtitle";"relu_conserve";"متساهل — يُعاد الأحمر فقط (الكلمة الخاطئة)";"متساهل — يُعاد الأحمر فقط (الكلمة الخاطئة)";"Tolérant — seul le rouge (mot faux) est repris"
"karaokeSurahTransitionMeta";"reformule";"{number} · {name} · {count} آية";"{number} · {name} · {count, plural, =1{آية واحدة} =2{آيتان} few{{count} آيات} other{{count} آية}}";"{number} · {name} · {count, plural, =1{1 verset} other{{count} versets}}"
"karaokeTapToStartHint";"reformule";"المس الشاشة للبدء";"استعد للتلاوة";"Touche l'écran pour commencer"
"karaokeTranscriptFullTitle";"relu_conserve";"النص الكامل المسموع";"النص الكامل المسموع";"TRANSCRIPT COMPLET"
"karaokeUnclearSuffix";"relu_conserve";"، {count} غير دقيقة";"، {count} غير دقيقة";", {count} imprécis"
"karaokeVerificationModeForcedTajwid";"relu_conserve";"وضع التجويد";"وضع التجويد";"Mode Tajwid"
"karaokeVerificationModeSubtitle";"reformule";"أنماط تجويد / بالغ / طفل، 17 حكمًا";"إعدادات التجويد والبالغين والأطفال";"Presets tajwid / adulte / enfant, 17 règles"
"karaokeVerificationModeTitle";"relu_conserve";"وضع التحقق";"وضع التحقق";"Mode de vérification"
"karaokeVerificationSettingsTitle";"relu_conserve";"إعدادات التحقق";"إعدادات التحقق";"Paramètres de vérification"
"memorizationAyahPickerAyahSubtitle";"relu_conserve";"الصفحة {page}: اختر الآية التي تريد بدء اللعب منها";"الصفحة {page}: اختر الآية التي تريد بدء اللعب منها";"Page {page} : choisis le verset où tu veux commencer à jouer"
"memorizationAyahPickerBackToPages";"relu_conserve";"تغيير الصفحة";"تغيير الصفحة";"Changer de page"
"memorizationAyahPickerPageLabel";"relu_conserve";"الصفحة {page}";"الصفحة {page}";"Page {page}"
"memorizationAyahPickerSubtitle";"relu_conserve";"سورة {surah} طويلة: اختر أولًا الصفحة التي تريد البدء منها";"سورة {surah} طويلة: اختر أولًا الصفحة التي تريد البدء منها";"{surah} est longue : choisis d'abord la page où tu veux commencer"
"memorizationAyahPickerTitle";"relu_conserve";"اختر نقطة البداية";"اختر نقطة البداية";"Choisis ton départ"
"memorizationGameBackToHub";"relu_conserve";"رجوع";"رجوع";"Retour"
"memorizationGameBridgeHint";"relu_conserve";"خاتمة الآية السابقة";"خاتمة الآية السابقة";"LA FIN DU VERSET PRÉCÉDENT"
"memorizationGameCompleteBody";"reformule";"لقد اجتزت جميع درجات {surah}. أعد المحاولة لترسيخ حفظك.";"أكملت جميع مراحل {surah}. أعد اللعب لتثبيت حفظك.";"Tu as parcouru tous les paliers de {surah}. Recommence pour renforcer ta mémorisation."
"memorizationGameCompleteTitle";"relu_conserve";"اكتملت السورة!";"اكتملت السورة!";"Sourate terminée !"
"memorizationGameFinalScore";"reformule";"{count, plural, =0{لا كلمات هذه المرة} =1{كلمة واحدة متتالية} other{{count} كلمة متتالية}} — الرقم القياسي: {best}";"{count, plural, =0{لم تُكمل أي كلمة هذه المرة} =1{كلمة واحدة صحيحة} =2{كلمتان متتاليتان} few{{count} كلمات متتالية} many{{count} كلمة متتالية} other{الكلمات المتتالية: {count}}}. أفضل نتيجة: {best}";"{count, plural, =0{Aucun mot enchaîné cette fois} =1{1 mot enchaîné} other{{count} mots enchaînés}} — record : {best}"
"memorizationGameLoadingNextPage";"relu_conserve";"الصفحة التالية…";"الصفحة التالية…";"Page suivante…"
"memorizationGameNewRecord";"relu_conserve";"رقم قياسي جديد!";"رقم قياسي جديد!";"Nouveau record !"
"memorizationGameRecordLabel";"relu_conserve";"الرقم القياسي: {best} من {total}";"الرقم القياسي: {best} من {total}";"Record : {best} sur {total}"
"memorizationGameRestartVerseTooltip";"relu_conserve";"إعادة هذه الآية";"إعادة هذه الآية";"Recommencer ce verset"
"memorizationGameRulesHint";"reformule";"ابحث عن الكلمة التالية. الخطأ يكلف -5 ويعيدك إلى الآية السابقة.";"اختر الكلمة التالية. الإجابة الخاطئة تخصم 5 نقاط وتعيدك إلى الآية السابقة.";"Trouve le mot suivant. Erreur = -5 et retour au verset précédent."
"memorizationGameStyleChaining";"reformule";"تسلسل";"تسلسل الكلمات";"Enchaînement"
"memorizationGameStyleVerseStart";"relu_conserve";"بداية الآية";"بداية الآية";"Début de verset"
"memorizationGameStyleVerseStartHint";"relu_conserve";"اعثر على أول كلمتين من هذه الآية.";"اعثر على أول كلمتين من هذه الآية.";"Retrouve les deux premiers mots de ce verset."
"memorizationGameStyleVerseStartTooShort";"relu_conserve";"لا يحتوي هذا الجزء على آيات كافية لهذا الوضع.";"لا يحتوي هذا الجزء على آيات كافية لهذا الوضع.";"Cette portion n'a pas assez de versets pour ce mode."
"memorizationGameTitle";"reformule";"لعبة التسلسل";"لعبة تسلسل الكلمات";"Enchaînement"
"memorizationGameVerseProgress";"relu_conserve";"الآية {current} من {total}";"الآية {current} من {total}";"Verset {current} sur {total}"
"memorizationGameWordsCount";"reformule";"{count, plural, =0{لا كلمات بعد} =1{كلمة واحدة متتالية} other{{count} كلمة متتالية}}";"{count, plural, =0{لم تُكمل أي كلمة بعد} =1{كلمة واحدة صحيحة} =2{كلمتان متتاليتان} few{{count} كلمات متتالية} many{{count} كلمة متتالية} other{الكلمات المتتالية: {count}}}";"{count, plural, =0{Aucun mot} =1{1 mot enchaîné} other{{count} mots enchaînés}}"
"memorizationGameWrongAnswerBanner";"relu_conserve";"العودة إلى الآية السابقة (-5)";"العودة إلى الآية السابقة (-5)";"Retour au verset précédent (-5)"
"mindMapAppBarTitle";"relu_conserve";"الخريطة الذهنية — {name}";"الخريطة الذهنية — {name}";"Carte mentale — {name}"
"mindMapAyahCountBadge";"reformule";"{count} آية";"{count, plural, =0{لا آيات} =1{آية واحدة} =2{آيتان} few{{count} آيات} other{{count} آية}}";"{count} versets"
"mindMapCatAdoration";"relu_conserve";"عبادة";"عبادة";"Adoration"
"mindMapCatArgumentation";"relu_conserve";"الجدال";"الجدال";"Argumentation"
"mindMapCatAutre";"relu_conserve";"أخرى";"أخرى";"Autre"
"mindMapCatCroyance";"relu_conserve";"عقيدة";"عقيدة";"Croyance"
"mindMapCatEschatologie";"relu_conserve";"الآخرة";"الآخرة";"Au-delà"
"mindMapCatEthique";"relu_conserve";"أخلاق";"أخلاق";"Éthique"
"mindMapCatLegislation";"relu_conserve";"أحكام";"أحكام";"Législation"
"mindMapCatRecits";"relu_conserve";"قصص";"قصص";"Récits"
"mindMapCatSignes";"relu_conserve";"آيات كونية";"آيات كونية";"Signes"
"mindMapGoToVerse";"relu_conserve";"الانتقال إلى الآية";"الانتقال إلى الآية";"Aller au verset"
"mindMapNotReadyBody";"relu_conserve";"الخريطة الذهنية لسورة {name} (المحاور والفروع وروابط الآيات) قيد الإعداد.";"الخريطة الذهنية لسورة {name} (المحاور والفروع وروابط الآيات) قيد الإعداد.";"La carte mentale de {name} (thèmes, branches, liens vers les versets) est en cours de rédaction."
"mindMapNotReadyTitle";"relu_conserve";"قريبًا";"قريبًا";"Bientôt disponible"
"mindMapSourcesLabel";"reformule";"المصادر والتحفظات";"المصادر والتنبيهات";"Sources et réserves"
"mindMapThemeLabel";"reformule";"الخيط الناظم";"المحور الرئيسي";"Fil directeur"
"mindMapVerses";"relu_conserve";"الآيات {range}";"الآيات {range}";"Versets {range}"
"miniPlayerRepeatOff";"relu_conserve";"تكرار";"تكرار";"Répéter"
"miniPlayerRepeatSurah";"relu_conserve";"سورة ∞";"سورة ∞";"Sourate ∞"
"miniPlayerRepeatVerse";"reformule";"×{count} آية";"الآية × {count}";"×{count} verset"
"mushafAnnotateButton";"relu_conserve";"تظليل النص";"تظليل النص";"Surligner le texte"
"mushafAnnotateDone";"relu_conserve";"تم";"تم";"Terminé"
"mushafAnnotateEraser";"relu_conserve";"ممحاة";"ممحاة";"Gomme"
"mushafAutoScroll";"relu_conserve";"تمرير تلقائي";"تمرير تلقائي";"Défilement auto"
"mushafBarChain";"reformule";"سلسلة";"تسلسل";"Chaîne"
"mushafBarMap";"relu_conserve";"خريطة";"خريطة";"Carte"
"mushafBarTajwid";"relu_conserve";"تجويد";"تجويد";"Tajwid"
"mushafBookmarkAdded";"relu_conserve";"تم وضع العلامة";"تم وضع العلامة";"Marque-page posé"
"mushafBookmarkHere";"relu_conserve";"ضع علامة هنا";"ضع علامة هنا";"Poser un signet ici"
"mushafBookmarkRemove";"relu_conserve";"إزالة العلامة";"إزالة العلامة";"Retirer le signet"
"mushafBookmarkRemoved";"relu_conserve";"تم حذف العلامة";"تم حذف العلامة";"Marque-page retiré"
"mushafBookmarksTitle";"reformule";"علاماتي";"علامات القراءة";"Mes signets"
"mushafClearAllBody";"reformule";"ستُحذف جميع التعليقات في المصحف: التظليل والخطوط، في كل السور، مهما كان تاريخها. لا يمكن التراجع عن هذا الإجراء.";"ستُحذف جميع علامات التظليل والخطوط التي أضفتها في كل السور. لا يمكن التراجع عن هذا الإجراء.";"Toutes les annotations du Mushaf seront supprimées : surlignages et traits, toutes les sourates, quelle que soit leur date. Cette action est irréversible."
"mushafClearAllTitle";"relu_conserve";"مسح الكل؟";"مسح الكل؟";"Tout effacer ?"
"mushafClearAllTooltip";"relu_conserve";"مسح الكل";"مسح الكل";"Tout effacer"
"mushafCoachAi";"relu_conserve";"المدرّب الذكي";"المدرّب الذكي";"Coach IA"
"mushafExplanationTitleSurahVerse";"relu_conserve";"{surah} — الآية {ayah}";"{surah} — الآية {ayah}";"{surah} — verset {ayah}"
"mushafExplanationTitleSurahVerseWord";"relu_conserve";"{surah} {ayah} — {word}";"{surah} {ayah} — {word}";"{surah} {ayah} — {word}"
"mushafFavorites";"reformule";"علامة";"علامة القراءة";"Signet"
"mushafFromHere";"relu_conserve";"ابتداءً من هذه الآية";"ابتداءً من هذه الآية";"À partir de ce verset"
"mushafJuzChip";"relu_conserve";"الجزء {n}";"الجزء {n}";"JUZ {n}"
"mushafMemorize";"relu_conserve";"حفظ";"حفظ";"Mémoriser"
"mushafMindMapTooltip";"relu_conserve";"الخريطة الذهنية";"الخريطة الذهنية";"Carte mentale"
"mushafMore";"relu_conserve";"المزيد";"المزيد";"Plus"
"mushafNoBookmarks";"reformule";"لا توجد علامة بعد. انقر على الأيقونة لتعليم الآية التي توقّفت عندها.";"لا توجد علامات قراءة بعد. اضغط على أيقونة العلامة لحفظ موضع الآية التي توقفت عندها.";"Aucun signet pour l'instant. Touchez l'icône pour marquer le verset où vous vous êtes arrêté."
"mushafPaperTooltip";"relu_conserve";"المصحف الورقي";"المصحف الورقي";"Mushaf papier"
"mushafPause";"relu_conserve";"إيقاف مؤقت";"إيقاف مؤقت";"Pause"
"mushafPlay";"relu_conserve";"تشغيل";"تشغيل";"Lire"
"mushafPrayerNextIn";"relu_conserve";"الظهر بعد ٢س ١٤د";"الظهر بعد ٢س ١٤د";"Dhuhr dans 2h 14m"
"mushafPrayerTimeLabel";"relu_conserve";"الظهر ١٣:٣٠";"الظهر ١٣:٣٠";"Dhuhr 13:30"
"mushafRecite";"relu_conserve";"تلاوة";"تلاوة";"Réciter"
"mushafTajwidBanner";"reformule";"الاستماع للتجويد — القواعد الفائتة تظهر بالبنفسجي";"متابعة التجويد: الأحكام التي لم يرصدها التطبيق تظهر بالبنفسجي";"Écoute du tajwid — les règles manquées passent en violet"
"mushafTajwidOnPage";"relu_conserve";"التجويد على الصفحة";"التجويد على الصفحة";"Tajwid sur la page"
"mushafTajwidWarshIndisponible";"reformule";"وضع التجويد يعمل حاليًا لرواية حفص فقط -- رواية ورش قريبًا.";"التحقّق من أحكام التجويد متاح حاليًا لرواية حفص فقط، ولا يتوفر لرواية ورش في هذا الإصدار.";"Le mode Tajwid ne fonctionne actuellement que pour la riwaya Hafs -- Warsh arrive prochainement."
"mushafTranslation";"relu_conserve";"ترجمة";"ترجمة";"Traduction"
"navCoach";"relu_conserve";"مدرّبي";"مدرّبي";"Coach"
"navDuaPourNous";"relu_conserve";"دعاء";"دعاء";"Dua"
"navDuas";"relu_conserve";"الأذكار";"الأذكار";"Invocations"
"navQuran";"relu_conserve";"القرآن";"القرآن";"Coran"
"navSettings";"reformule";"إعدادات";"الإعدادات";"Réglages"
"onboardingCoachBody";"relu_conserve";"بعد كل تلاوة، تجد ما تعثّرت فيه: الكلمات المُشار إليها، وصوتك أنت في كل منها، وقراءة القارئ للمقارنة.";"بعد كل تلاوة، تجد ما تعثّرت فيه: الكلمات المُشار إليها، وصوتك أنت في كل منها، وقراءة القارئ للمقارنة.";"Après chaque récitation, retrouvez ce qui a coincé : les mots signalés, votre propre voix sur chacun, et la lecture du récitateur pour comparer."
"onboardingCoachHint";"relu_conserve";"تُجمَع الأخطاء حسب السورة وحسب حكم التجويد، لترى ما يتكرّر منها.";"تُجمَع الأخطاء حسب السورة وحسب حكم التجويد، لترى ما يتكرّر منها.";"Les erreurs sont regroupées par sourate et par règle de tajwid, pour voir ce qui revient."
"onboardingCoachTitle";"relu_conserve";"مدرّبك";"مدرّبك";"Votre coach"
"onboardingDuasBody";"reformule";"أذكار اليوم والليلة بصوتها وعدد تكرارها. ومواقيت الصلاة محسوبة حسب موقعك، والأذان، واتجاه القبلة.";"تصفّح أذكار اليوم والليلة مع عدّاد للتكرار وصوت عند توفره. وتابع مواقيت الصلاة والأذان واتجاه القبلة بحسب موقعك.";"Les invocations du quotidien, avec leur audio et le nombre de répétitions. Les horaires de prière calculés pour votre position, l'adhan, et la direction de la Qibla."
"onboardingDuasTitle";"relu_conserve";"الأذكار والصلاة";"الأذكار والصلاة";"Invocations et prière"
"onboardingMemorizeBody";"reformule";"استمع إلى المقطع وردِّده بصوتٍ مسموع، فيتحقّق التطبيق منك، ويتّسع المقطع مع كل نجاح حتى تتلو الآية كاملة عن ظهر قلب.";"استمع إلى المقطع ثم ردّده بصوت مسموع. يتابع التطبيق تلاوتك ويزيد طول المقطع تدريجيًا حتى تتدرّب على الآية كاملة.";"Écoutez un passage, répétez-le à voix haute : l'application vérifie, et le palier s'allonge à chaque réussite — jusqu'à réciter le verset entier de mémoire."
"onboardingMemorizeHint";"relu_conserve";"ثم ينتقل التدريب إلى المراجعة: يُخفى النص، وتتلو وحدك.";"ثم ينتقل التدريب إلى المراجعة: يُخفى النص، وتتلو وحدك.";"L'entraînement passe ensuite au contrôle : le texte se masque, à vous de réciter seul."
"onboardingMemorizeTitle";"relu_conserve";"التدريب على الحفظ";"التدريب على الحفظ";"S'entraîner à mémoriser"
"onboardingNext";"relu_conserve";"التالي";"التالي";"Suivant"
"onboardingPrivacyBody";"reformule";"تُحلَّل تلاوتك على الجهاز ولا تُرسل إلى أي مكان. لا حساب، ولا إعلانات، ولا متتبّعات. ولا تُستخدم الشبكة إلا لتنزيل التلاوات التي تطلبها.";"تُحلّل تلاوتك على الجهاز. لا حساب ولا إعلانات ولا أدوات تتبّع. تحتاج بعض المحتويات والتلاوات والإذاعات إلى الإنترنت، وتصدير تسجيلاتك إجراء تختاره بنفسك.";"Votre récitation est analysée sur l'appareil, elle n'est jamais envoyée ailleurs. Aucun compte, aucune publicité, aucun traceur. Le réseau ne sert qu'à télécharger les récitations que vous demandez."
"onboardingPrivacyTitle";"relu_conserve";"بياناتك تبقى عندك";"بياناتك تبقى عندك";"Vos données restent chez vous"
"onboardingReadBody";"relu_conserve";"المصحف كاملًا بألوان التجويد لترى الأحكام أثناء القراءة. استمع إلى القارئ الذي تختاره، وضع علامة لتتابع من حيث توقّفت.";"المصحف كاملًا بألوان التجويد لترى الأحكام أثناء القراءة. استمع إلى القارئ الذي تختاره، وضع علامة لتتابع من حيث توقّفت.";"Le Mushaf complet, avec les couleurs du tajwid pour voir les règles en lisant. Écoutez le récitateur de votre choix, posez un signet pour reprendre où vous en étiez."
"onboardingReadHint";"reformule";"ثلاثة أجواء للقراءة: فاتح، وبنّي مريح للعين، وخلفية سوداء لليل.";"اختر خلفية فاتحة، أو بلون الورق، أو سوداء للقراءة الليلية.";"Trois ambiances de lecture : claire, sépia reposante, ou fond noir pour la nuit."
"onboardingReadTitle";"relu_conserve";"قراءة القرآن";"قراءة القرآن";"Lire le Coran"
"onboardingReciteBody";"reformule";"اتلُ بصوت مسموع: يستمع التطبيق ويلوّن كل كلمة تباعًا. الأخضر يعني أن الكلمة صحيحة، والبرتقالي أو الأحمر يعني أنها تحتاج مراجعة.";"اقرأ بصوت مسموع. يلوّن التطبيق الكلمات بحسب ما يتعرّف عليه: الأخضر للكلمة المقبولة، والبرتقالي أو الأحمر لما يحتاج إلى مراجعة. وقد يخطئ التطبيق في التقييم.";"Récitez à voix haute : l'application écoute et colore chaque mot au fur et à mesure. Vert, le mot est juste ; orange ou rouge, il mérite d'être revu."
"onboardingReciteHint";"reformule";"نسيت الكلمة؟ يُسمعك المُلقِّن الكلمة المنتظرة دون أي حكم عليك.";"نسيت كلمة؟ استمع إلى نطق القارئ للكلمة المتوقعة ثم تابع.";"Un trou de mémoire ? Le souffleur vous fait entendre le mot attendu, sans jugement."
"onboardingReciteTitle";"relu_conserve";"تلاوة مع التصحيح";"تلاوة مع التصحيح";"Réciter avec correction"
"onboardingSkip";"reformule";"تخطّي";"تخطٍّ";"Passer"
"onboardingStart";"relu_conserve";"لنبدأ";"لنبدأ";"Commencer"
"onboardingWelcomeBody";"reformule";"اقرأ القرآن واتلُه واحفظه على وتيرتك. بلا إعلانات، بلا حساب، وبلا إزعاج.";"اقرأ القرآن وتدرّب على تلاوته وحفظه بالوتيرة التي تناسبك. بلا إعلانات أو حساب.";"Lire, réciter et mémoriser le Coran, à votre rythme. Sans publicité, sans compte, sans être dérangé."
"onboardingWelcomeDedication";"relu_conserve";"هذا التطبيق مُهدى إلى روح والدي، رحمه الله وغفر له. ويسّر الله لكم جميعًا تلاوة كتابه وحفظه.";"هذا التطبيق مُهدى إلى روح والدي، رحمه الله وغفر له. ويسّر الله لكم جميعًا تلاوة كتابه وحفظه.";"Cette application est dédiée à la mémoire de mon père. Qu'Allah lui fasse miséricorde et lui pardonne. Et qu'Il facilite à chacun de vous la récitation et l'apprentissage de Son Livre."
"onboardingWelcomeTitle";"relu_conserve";"مرحبًا";"مرحبًا";"Bienvenue"
"portionHalfFirst";"relu_conserve";"النصف الأول";"النصف الأول";"1re moitié"
"portionHalfSecond";"relu_conserve";"النصف الثاني";"النصف الثاني";"2e moitié"
"portionSurahHizb";"relu_conserve";"{surah} · حزب {hizb}";"{surah} · حزب {hizb}";"{surah} · Hizb {hizb}"
"portionSurahHizbHalf";"relu_conserve";"{surah} · حزب {hizb} ({half})";"{surah} · حزب {hizb} ({half})";"{surah} · Hizb {hizb} ({half})"
"portionSurahHizbQuarter";"relu_conserve";"{surah} · حزب {hizb} — ربع {quarter}/٤";"{surah} · حزب {hizb} — ربع {quarter}/٤";"{surah} · Hizb {hizb} — quart {quarter}/4"
"portionUnknownSurah";"relu_conserve";"سورة {n}";"سورة {n}";"Sourate {n}"
"prayerFollowIdentifying";"reformule";"انتهت الفاتحة -- يتم تحديد السورة التالية…";"انتهت الفاتحة. جارٍ التعرّف على السورة التالية…";"Al-Fatiha terminée -- identification de la sourate suivante…"
"prayerFollowListening";"relu_conserve";"الاستماع جارٍ…";"الاستماع جارٍ…";"En écoute…"
"prayerFollowSensitivityBalanced";"relu_conserve";"متوازن (افتراضي)";"متوازن (افتراضي)";"Équilibré (par défaut)"
"prayerFollowSensitivityDescription";"reformule";"إعداد مستقل عن حساسية التلاوة العادية -- كلما زاد التساهل قُبلت نطقات أقل دقة باللون الأخضر، وكلما زادت الصرامة تطلّب الأمر دقة أكبر.";"هذا الإعداد خاص بمتابعة الصلاة. الوضع المتساهل يقبل فروقًا أكبر في النطق، والوضع الصارم يتطلّب تطابقًا أدق.";"Réglage indépendant de celui de la récitation classique -- plus tolérant accepte des prononciations imprécises en vert, plus strict exige davantage de précision."
"prayerFollowSensitivityStrict";"relu_conserve";"صارم";"صارم";"Strict"
"prayerFollowSensitivityTitle";"relu_conserve";"الحساسية (متابعة الصلاة)";"الحساسية (متابعة الصلاة)";"Sensibilité (suivi de prière)"
"prayerFollowSensitivityTolerant";"relu_conserve";"متساهل";"متساهل";"Tolérant"
"prayerFollowSettingsTooltip";"relu_conserve";"الإعدادات";"الإعدادات";"Réglages"
"prayerFollowSouffleurSubtitle";"reformule";"يشغّل الكلمة المتوقعة بعد {seconds} ثانية من الصمت -- لا حظر أبدًا في هذا الوضع.";"يُسمعك الكلمة المتوقعة بعد {seconds} ثانية من الصمت، دون إلزامك بإعادتها لمتابعة التلاوة.";"Joue le mot attendu après {seconds}s de silence -- jamais de blocage dans ce mode."
"prayerFollowSouffleurTitle";"relu_conserve";"التلقين التلقائي";"التلقين التلقائي";"Souffleur automatique"
"prayerFollowTapToStart";"reformule";"اضغط على الميكروفون لبدء متابعة الصلاة.";"الاستماع متوقف. اضغط على الميكروفون لإعادة المحاولة.";"Appuyez sur le micro pour commencer à suivre la prière."
"prayerFollowTitle";"reformule";"متابعة صلاة";"متابعة الصلاة";"Suivre une prière"
"prayerFollowWaitingFatiha";"relu_conserve";"بانتظار بداية الفاتحة…";"بانتظار بداية الفاتحة…";"En attente du début d'Al-Fatiha…"
"prayerInHours";"relu_conserve";"بعد {heures} س";"بعد {heures} س";"dans {heures} h"
"prayerInHoursMinutes";"reformule";"بعد {heures} س {minutes}";"بعد {heures} س و{minutes} د";"dans {heures} h {minutes}"
"prayerInMinutes";"relu_conserve";"بعد {minutes} د";"بعد {minutes} د";"dans {minutes} min"
"prayerInNow";"relu_conserve";"الآن";"الآن";"maintenant"
"prayerMethodEgyptian";"relu_conserve";"الهيئة المصرية";"الهيئة المصرية";"Égyptienne"
"prayerMethodFranceUoif";"relu_conserve";"فرنسا (UOIF، ‏12°)";"فرنسا (UOIF، ‏12°)";"France (UOIF, 12°)"
"prayerMethodMwl";"relu_conserve";"رابطة العالم الإسلامي";"رابطة العالم الإسلامي";"Muslim World League"
"prayerMethodUmmAlQura";"relu_conserve";"أم القرى (الخليج)";"أم القرى (الخليج)";"Umm al-Qura (Golfe)"
"prayerNameAsr";"relu_conserve";"العصر";"العصر";"Asr"
"prayerNameDhuhr";"relu_conserve";"الظهر";"الظهر";"Dhouhr"
"prayerNameFajr";"relu_conserve";"الفجر";"الفجر";"Sobh"
"prayerNameIsha";"relu_conserve";"العشاء";"العشاء";"Ichaa"
"prayerNameMaghrib";"relu_conserve";"المغرب";"المغرب";"Maghrib"
"prayerNotifSoon";"relu_conserve";"قريبًا — {priere} بعد {minutes} د";"قريبًا — {priere} بعد {minutes} د";"Bientôt — {priere} dans {minutes} min"
"prayerPhaseDetecting";"relu_conserve";"التعرّف جارٍ…";"التعرّف جارٍ…";"Identification…"
"prayerPhaseFatiha";"relu_conserve";"الفاتحة";"الفاتحة";"Al-Fatiha"
"prayerPhaseListening";"relu_conserve";"الاستماع";"الاستماع";"En écoute"
"prayerPhaseStandby";"relu_conserve";"انتظار (الركوع/السجود)";"انتظار (الركوع/السجود)";"En attente (rukū'/sujūd)"
"prayerPhaseStopped";"relu_conserve";"متوقف";"متوقف";"Arrêté"
"prayerPhaseTarget";"relu_conserve";"السورة المتابَعة";"السورة المتابَعة";"Sourate suivie"
"prayerTimesDetected";"reformule";"المكتشفة: {methode}";"طريقة الحساب المحدّدة: {methode}";"Détectée : {methode}"
"prayerTimesNext";"relu_conserve";"الصلاة القادمة";"الصلاة القادمة";"Prochaine prière"
"prayerTimesTitle";"relu_conserve";"مواقيت الصلاة";"مواقيت الصلاة";"Horaires de prière"
"preparationCommencer";"relu_conserve";"ابدأ";"ابدأ";"Commencer"
"preparationCommencerTest";"relu_conserve";"ابدأ التجربة";"ابدأ التجربة";"Commencer le test"
"preparationConsigneEnfant";"relu_conserve";"اجلس مع طفلك لتجربة سورة الإخلاص، وهي سورة قصيرة.

يقدّم التدريب مجموعات صغيرة من كلمتين. يستمع طفلك ثم يردّد بصوت مسموع، ويزداد المقطع تدريجيًا. خذا الوقت لإعادة الاستماع عند الحاجة.

يُفعّل وضع الطفل الموجود في التطبيق لهذه التجربة فقط، وتُستعاد إعداداتك السابقة عند الخروج.

قد تخطئ ملاحظات الذكاء الاصطناعي؛ رافق طفلك واستعن بمعلّم عند وجود صعوبات. لا يُستخدم الميكروفون إلا عند بدء التلاوة.";"اجلس مع طفلك لتجربة سورة الإخلاص، وهي سورة قصيرة.

يقدّم التدريب مجموعات صغيرة من كلمتين. يستمع طفلك ثم يردّد بصوت مسموع، ويزداد المقطع تدريجيًا. خذا الوقت لإعادة الاستماع عند الحاجة.

يُفعّل وضع الطفل الموجود في التطبيق لهذه التجربة فقط، وتُستعاد إعداداتك السابقة عند الخروج.

قد تخطئ ملاحظات الذكاء الاصطناعي؛ رافق طفلك واستعن بمعلّم عند وجود صعوبات. لا يُستخدم الميكروفون إلا عند بدء التلاوة.";"Installe-toi avec ton enfant pour essayer Al-Ikhlâs, une sourate courte.

L’entraînement propose de petits groupes de deux mots. Ton enfant écoute puis répète à voix haute ; le passage s’allonge progressivement. Prenez le temps de réécouter quand c’est nécessaire.

Le mode enfant existant est activé pour cet essai seulement. À la sortie, tes réglages précédents sont rétablis.

Les indications de l’IA peuvent se tromper : accompagne ton enfant et fais confirmer les difficultés par un enseignant. Le micro n’est utilisé que lorsque la récitation est lancée."
"preparationConsigneJeu";"relu_conserve";"تظهر الكلمة الأولى، ثم تختار ما بعدها من بين عدة كلمات. وعند الخطأ تظهر الكلمة الصحيحة، ثم تُستأنف الجولة من الآية السابقة.";"تظهر الكلمة الأولى، ثم تختار ما بعدها من بين عدة كلمات. وعند الخطأ تظهر الكلمة الصحيحة، ثم تُستأنف الجولة من الآية السابقة.";"Le premier mot s'affiche, les suivants sont à retrouver parmi plusieurs propositions. Une erreur montre la bonne réponse, puis le verset reprend depuis le précédent."
"preparationConsigneLire";"relu_conserve";"مرّر النص، واضغط على آية لسماعها، واضغط مطولاً لفتح قائمتها.";"مرّر النص، واضغط على آية لسماعها، واضغط مطولاً لفتح قائمتها.";"Fais défiler le texte, appuie sur un verset pour l'écouter, appuie longuement pour ouvrir son menu."
"preparationConsigneMemoriser";"reformule";"استمع إلى المقطع ثم ردِّده بصوتٍ مسموع. ويتّسع المقطع مع كل نجاح حتى تبلغ الآية كاملة.";"استمع إلى المقطع ثم ردّده بصوت مسموع. يزداد طول المقطع تدريجيًا حتى تتدرّب على الآية كاملة، ثم يمكنك اختبار حفظك دون إظهار النص.";"Écoute le passage, répète-le à voix haute. Le palier grandit à chaque réussite, jusqu'au verset entier."
"preparationConsigneMushaf";"relu_conserve";"يفتح المصحف الورقي بملء الشاشة حسب الرواية المختارة: حفص أو ورش.

المس الصفحة للتقدم أو اسحب من اليسار إلى اليمين. اقرأ الصفحة اليمنى ثم اليسرى؛ يظهر تأثير تقليب الورقة بعد قراءة الصفحتين. اسحب في الاتجاه المعاكس للرجوع.

تتيح العلامة أعلى الشاشة حفظ موضع الصفحة. اضغط مطولًا لاختيار الخط. يعيدك سهم الرجوع إلى التجارب.";"يفتح المصحف الورقي بملء الشاشة حسب الرواية المختارة: حفص أو ورش.

المس الصفحة للتقدم أو اسحب من اليسار إلى اليمين. اقرأ الصفحة اليمنى ثم اليسرى؛ يظهر تأثير تقليب الورقة بعد قراءة الصفحتين. اسحب في الاتجاه المعاكس للرجوع.

تتيح العلامة أعلى الشاشة حفظ موضع الصفحة. اضغط مطولًا لاختيار الخط. يعيدك سهم الرجوع إلى التجارب.";"Le Mushaf papier s’ouvre en plein écran, dans la lecture choisie : Hafs ou Warsh.

Touche la page pour avancer, ou balaie de gauche à droite. Lis la page de droite, puis celle de gauche : l’effet de feuillet revient après les deux pages. Le geste inverse permet de revenir.

Le signet en haut permet de marquer ta page. Un appui long ouvre le choix d’écriture. La flèche de retour ramène aux essais."
"preparationConsigneReciter";"relu_conserve";"اقرأ بصوت مسموع وبإيقاعك المعتاد. يستمع التطبيق إلى تلاوتك ويُلوّن الكلمات لمساعدتك على المراجعة.

الأخضر: كلمة تعرّف عليها التطبيق على أنها صحيحة. البرتقالي: نطق يحتاج إلى التحقق. الأحمر: اختلاف رصده التطبيق.

قد يخطئ التطبيق في التقييم؛ استعن بمعلّم عند الشك.";"اقرأ بصوت مسموع وبإيقاعك المعتاد. يستمع التطبيق إلى تلاوتك ويُلوّن الكلمات لمساعدتك على المراجعة.

الأخضر: كلمة تعرّف عليها التطبيق على أنها صحيحة. البرتقالي: نطق يحتاج إلى التحقق. الأحمر: اختلاف رصده التطبيق.

قد يخطئ التطبيق في التقييم؛ استعن بمعلّم عند الشك.";"Récite à voix haute, à ton rythme habituel. L’application écoute ta récitation et colore les mots pour t’aider à les revoir.

Vert : mot reconnu comme correct par l’application. Orange : prononciation à vérifier. Rouge : écart détecté par l’application.

L’application peut se tromper dans son évaluation ; en cas de doute, demande à un enseignant."
"preparationConsigneTajwid";"reformule";"اتلُ مطبّقاً أحكام التجويد. الأخضر: تحققت كل الأحكام المتوقعة. البنفسجي: حكم متوقع لم يُلاحَظ. بلا لون: لا حكم في هذه الكلمة.";"اقرأ بصوت مسموع مع مراعاة أحكام التجويد.

الأخضر: رصد التطبيق الأحكام المتوقعة. البنفسجي: لم يرصد حكمًا متوقعًا. دون لون: لا يوجد حكم يتابعه التطبيق في هذه الكلمة.

هذه مؤشرات آلية قد تخطئ، ولا تغني عن التعلّم مع معلّم.";"Récite en appliquant les règles de tajwid. Vert : toutes les règles attendues sont faites. Violet : une règle attendue n'a pas été constatée. Sans couleur : ce mot ne porte aucune règle."
"preparationEcritureSous";"reformule";"المعاينة أدناه معروضة بالخط المختار: هي تماماً ما سيظهر في المصحف.";"عاين الخط أدناه واختر ما يناسب قراءتك في المصحف.";"L'aperçu ci-dessous est rendu avec la police choisie : c'est exactement ce que tu verras dans le Mushaf."
"preparationEnfantAccompagner";"relu_conserve";"المرافقة";"المرافقة";"Accompagner"
"preparationEnfantEcouter";"relu_conserve";"الاستماع";"الاستماع";"Écouter"
"preparationEnfantRepeter";"relu_conserve";"الترديد";"الترديد";"Répéter"
"preparationEnfantSous";"relu_conserve";"مقاطع صغيرة ولحظات تتشاركانها.";"مقاطع صغيرة ولحظات تتشاركانها.";"De petits passages, un moment à partager."
"preparationEnfantTitre";"relu_conserve";"تعلّم مع طفلك";"تعلّم مع طفلك";"Apprendre avec mon enfant"
"preparationEssaiEnfant";"relu_conserve";"وضع الطفل";"وضع الطفل";"Mode enfant"
"preparationEssaiEnfantSous";"relu_conserve";"استمعا وردّدا وتقدّما معًا";"استمعا وردّدا وتقدّما معًا";"Écouter, répéter et avancer ensemble"
"preparationEssaiErreur";"relu_conserve";"تعذر فتح التجربة. حاول مجددًا بعد قليل.";"تعذر فتح التجربة. حاول مجددًا بعد قليل.";"Impossible d’ouvrir cet essai. Réessaie dans un instant."
"preparationEssaiJeu";"reformule";"لعبة التسلسل";"لعبة تسلسل الكلمات";"Enchaînement"
"preparationEssaiJeuSous";"relu_conserve";"ابحث عن الكلمة التالية بين عدة كلمات";"ابحث عن الكلمة التالية بين عدة كلمات";"Retrouver le mot suivant, parmi plusieurs"
"preparationEssaiLire";"relu_conserve";"اقرأ واستمع";"اقرأ واستمع";"Lire et écouter"
"preparationEssaiLireSous";"relu_conserve";"النص والترجمة والتلاوة";"النص والترجمة والتلاوة";"Le texte, la traduction, la récitation"
"preparationEssaiMemoriser";"reformule";"التدريب";"التدرّب على الحفظ";"Entraînement"
"preparationEssaiMemoriserSous";"relu_conserve";"استمع ثم ردِّد، على مراحل";"استمع ثم ردِّد، على مراحل";"Écoute puis répète, par paliers"
"preparationEssaiMushaf";"relu_conserve";"قراءة المصحف";"قراءة المصحف";"Lecture Mushaf"
"preparationEssaiMushafSous";"relu_conserve";"صفحات القرآن كما في المصحف الورقي";"صفحات القرآن كما في المصحف الورقي";"Le Coran en pages, comme un Mushaf papier"
"preparationEssaiReciter";"relu_conserve";"تلاوة مع التصحيح";"تلاوة مع التصحيح";"Réciter avec correction"
"preparationEssaiReciterSous";"relu_conserve";"اتلُ، والتطبيق يستمع ويلوّن كل كلمة";"اتلُ، والتطبيق يستمع ويلوّن كل كلمة";"Récite, l'application écoute et colore chaque mot"
"preparationEssaiTajwid";"relu_conserve";"وضع التجويد";"وضع التجويد";"Le mode tajwid"
"preparationEssaiTajwidSous";"reformule";"يستمع لأحكام التجويد وحدها";"متابعة صوتية لأداء أحكام التجويد";"Elle n'écoute que les règles de tajwid"
"preparationEssaisNote";"relu_conserve";"لا يُطلب الميكروفون إلا إذا اخترت التلاوة.";"لا يُطلب الميكروفون إلا إذا اخترت التلاوة.";"Le micro n'est demandé que si tu choisis de réciter."
"preparationEssaisSous";"reformule";"على بضع آيات: دقائق معدودة. ويمكنك العودة لاحقاً.";"اكتشف الأدوات على مقطع قصير، ويمكنك العودة إليها لاحقًا.";"Sur quelques versets — quelques minutes. Tu peux revenir ensuite."
"preparationEssaisTitre";"relu_conserve";"جرّب الآن";"جرّب الآن";"Essaie tout de suite"
"preparationFermerExplication";"relu_conserve";"إغلاق الشرح";"إغلاق الشرح";"Fermer l’explication"
"preparationFin";"relu_conserve";"إنهاء";"إنهاء";"Fin"
"preparationLangueSous";"reformule";"يمكنك تغييرها في أي وقت من الإعدادات.";"اختر لغة الواجهة. يمكنك تغييرها لاحقًا من الإعدادات.";"Tu peux la changer à tout moment dans les réglages."
"preparationModeSombre";"relu_conserve";"الوضع الداكن";"الوضع الداكن";"Mode sombre"
"preparationOptionsSous";"relu_conserve";"لا شيء إلزامي. يمكنك التخطي والعودة لاحقاً.";"لا شيء إلزامي. يمكنك التخطي والعودة لاحقاً.";"Rien d'obligatoire. Tu peux passer et y revenir plus tard."
"preparationOptionsTitre";"relu_conserve";"بعض الخيارات";"بعض الخيارات";"Quelques options"
"preparationPasser";"reformule";"تخطٍ";"تخطٍّ";"Passer"
"preparationReciteurSous";"reformule";"المس صوتًا لتسمعه في أول آيتين من سورة البقرة. وهو الصوت الذي تسمعه أثناء القراءة، وعند تصحيح كل كلمة.";"اختر قارئًا لسماع نموذج من بداية سورة البقرة. ستسمع تلاوته أثناء الاستماع والتصحيح الصوتي.";"Touche une voix pour l'écouter sur les deux premiers versets d'Al-Baqara. C'est elle que tu entendras en lisant, et sur chaque mot corrigé."
"preparationRetour";"relu_conserve";"رجوع";"رجوع";"Retour"
"preparationRiwayaSous";"reformule";"الرواية التي تقرأ بها. نص التطبيق كله يتبعها.";"اختر الرواية التي تتلو بها؛ يتبعها نص القرآن والقرّاء المتاحون.";"La lecture du Coran que tu suis. Tout le texte de l'application s'y conforme."
"preparationRiwayaWarshNote";"reformule";"لم يُدرَّب وضع التجويد بعدُ على أحكام ورش الخاصة، فألوانه تتبع رواية حفص. أما قراءة المصحف وتصحيح الكلمات فتعملان كالمعتاد.";"التحقّق الصوتي من أحكام التجويد غير متاح لرواية ورش في هذا الإصدار. تبقى قراءة المصحف والتلاوة مع تصحيح الكلمات متاحتين.";"Le mode tajwid n'est pas encore entraîné sur les règles propres à Warsh : ses couleurs suivent celles de Ḥafṣ. La lecture du mushaf et la correction des mots, elles, fonctionnent normalement."
"preparationSuivant";"relu_conserve";"التالي";"التالي";"Suivant"
"preparationToutModifiable";"relu_conserve";"تبقى هذه الخيارات كلها قابلة للتعديل في الإعدادات. لن يُطلب الميكروفون ولا الموقع إلا عندما تحتاجهما إحدى الوظائف فعلاً.";"تبقى هذه الخيارات كلها قابلة للتعديل في الإعدادات. لن يُطلب الميكروفون ولا الموقع إلا عندما تحتاجهما إحدى الوظائف فعلاً.";"Tous ces choix restent modifiables dans les réglages. Le micro et la position ne seront demandés qu'au moment où une fonction en aura besoin."
"qiblaEnableLocationAction";"relu_conserve";"تفعيل خدمة الموقع";"تفعيل خدمة الموقع";"Activer la localisation"
"qiblaEnableLocationMessage";"relu_conserve";"فعّل خدمة الموقع لتحديد القبلة من موقعك الحالي.";"فعّل خدمة الموقع لتحديد القبلة من موقعك الحالي.";"Active la localisation pour trouver la Qibla depuis ton emplacement actuel."
"qiblaFacingQibla";"relu_conserve";"أنت تواجه القبلة ✓";"أنت تواجه القبلة ✓";"Tu fais face à la Qibla ✓"
"qiblaKmToMecca";"reformule";"كم حتى مكة";"كم إلى مكة";"KM JUSQU'À LA MECQUE"
"qiblaMagneticWarning";"relu_conserve";"تم رصد مجال مغناطيسي — ابتعد عن المعدن أو المغناطيس (الغطاء، الحامل، السمّاعة…)، ثم أعد المعايرة برسم الرقم 8 بالهاتف.";"تم رصد مجال مغناطيسي — ابتعد عن المعدن أو المغناطيس (الغطاء، الحامل، السمّاعة…)، ثم أعد المعايرة برسم الرقم 8 بالهاتف.";"Champ magnétique détecté — éloigne-toi du métal ou d'un aimant (coque, support, enceinte…), puis recalibre en dessinant un « 8 » avec le téléphone."
"qiblaNoCompassMessage";"relu_conserve";"لا يحتوي هذا الجهاز على بوصلة. تبقى المسافة إلى مكة متاحة أدناه.";"لا يحتوي هذا الجهاز على بوصلة. تبقى المسافة إلى مكة متاحة أدناه.";"Cet appareil ne possède pas de boussole. La distance jusqu'à la Mecque reste disponible ci-dessous."
"qiblaOpenSettingsAction";"relu_conserve";"فتح الإعدادات";"فتح الإعدادات";"Ouvrir les réglages"
"qiblaPermissionDeniedMessage";"relu_conserve";"تم رفض إذن الموقع لتطبيق قرآن كريم. فعّله من إعدادات الهاتف لعرض القبلة.";"تم رفض إذن الموقع لتطبيق قرآن كريم. فعّله من إعدادات الهاتف لعرض القبلة.";"La localisation est refusée pour Coran Karim. Autorise-la dans les réglages du téléphone pour voir la Qibla."
"qiblaPositionError";"relu_conserve";"تعذّر تحديد موقعك: {error}";"تعذّر تحديد موقعك: {error}";"Impossible de déterminer ta position : {error}"
"qiblaSubtitle";"relu_conserve";"اتجاه القبلة نحو مكة";"اتجاه القبلة نحو مكة";"Direction de la Mecque"
"qiblaTurnPhoneHint";"relu_conserve";"أدر هاتفك حتى يشير السهم إلى الأعلى";"أدر هاتفك حتى يشير السهم إلى الأعلى";"Tourne ton téléphone jusqu'à ce que l'aiguille pointe en haut"
"readingSettingsAutoScrollDescription";"relu_conserve";"يتمرّر النص تلقائيًا بالسرعة المختارة — مفيد للقراءة دون استخدام يديك. أي تمرير يدوي يوقفه.";"يتمرّر النص تلقائيًا بالسرعة المختارة — مفيد للقراءة دون استخدام يديك. أي تمرير يدوي يوقفه.";"Le texte défile tout seul à la vitesse choisie — pratique pour lire sans les mains. Un glissement manuel l'arrête."
"readingSettingsAutoScrollSection";"relu_conserve";"التمرير التلقائي";"التمرير التلقائي";"DÉFILEMENT AUTOMATIQUE"
"readingSettingsDisplaySection";"relu_conserve";"العرض";"العرض";"AFFICHAGE"
"readingSettingsGlobalRepeats";"reformule";"٣ — عدد مرات السورة كاملة: {n}";"٣ — مرات تكرار السورة كاملة: {n}";"3 — Combien de fois la sourate entière : {n}"
"readingSettingsGroupListen";"relu_conserve";"الاستماع";"الاستماع";"ÉCOUTER"
"readingSettingsGroupRead";"relu_conserve";"القراءة";"القراءة";"LIRE"
"readingSettingsGroupRepeats";"reformule";"٢ — عدد مرات هذه المجموعة: {n}";"٢ — مرات تكرار المجموعة: {n}";"2 — Combien de fois ce groupe : {n}"
"readingSettingsGroupSize";"relu_conserve";"١ — ما يُكرَّر: {n} آية في كل مرة";"١ — ما يُكرَّر: {n} آية في كل مرة";"1 — Ce qu’on répète : {n} verset(s) à la fois"
"readingSettingsKindleAutoTurn";"relu_conserve";"تقليب الصفحات تلقائيًا";"تقليب الصفحات تلقائيًا";"Tourner les pages automatiquement"
"readingSettingsKindleDescription";"reformule";"اختر أجواء القراءة: عادية، بيج كجهاز القراءة الإلكتروني، أو أسود للقراءة الليلية.";"اختر خلفية القراءة: فاتحة، أو بلون الورق، أو سوداء للقراءة الليلية.";"Choisis l'ambiance de lecture : normal, sépia façon liseuse, ou fond noir pour la nuit."
"readingSettingsKindleSection";"relu_conserve";"سمة القراءة";"سمة القراءة";"THÈME DE LECTURE"
"readingSettingsKindleSpeed";"relu_conserve";"السرعة: {seconds} ث / صفحة";"السرعة: {seconds} ث / صفحة";"Vitesse : {seconds} s / page"
"readingSettingsLoopDescription";"relu_conserve";"مثال: 3 آيات تُكرَّر 3 مرات، والسورة كاملة تُعاد 3 مرات.";"مثال: 3 آيات تُكرَّر 3 مرات، والسورة كاملة تُعاد 3 مرات.";"Exemple : 3 versets répétés 3 fois, et la sourate entière reprise 3 fois."
"readingSettingsLoopSection";"reformule";"التكرار والحلقات";"تكرار الاستماع";"RÉPÉTITION ET BOUCLES"
"readingSettingsPlaybackSpeedSection";"relu_conserve";"سرعة التلاوة (الصوت)";"سرعة التلاوة (الصوت)";"VITESSE DE LECTURE (AUDIO)"
"readingSettingsRepeatDescription";"reformule";"يكرّر كل آية (أو السورة كاملة) في حلقة قبل الانتقال إلى التالية.";"أعد الاستماع إلى الآية أو السورة بالعدد الذي تختاره.";"Répète chaque verset (ou toute la sourate) en boucle avant de passer au suivant."
"readingSettingsRepeatOff";"relu_conserve";"معطّل";"معطّل";"Désactivé"
"readingSettingsRepeatSection";"reformule";"التكرار / الحلقات";"تكرار الاستماع";"RÉPÉTITION / BOUCLES"
"readingSettingsRepeatSurah";"relu_conserve";"السورة كاملة";"السورة كاملة";"Sourate entière"
"readingSettingsRepeatVerseCount";"relu_conserve";"الآية × {count}";"الآية × {count}";"Verset × {count}"
"readingSettingsRepeatVerseInfinite";"relu_conserve";"الآية × ∞";"الآية × ∞";"Verset × ∞"
"readingSettingsSpeedFast";"relu_conserve";"سريع";"سريع";"Rapide"
"readingSettingsSpeedNormal";"relu_conserve";"عادي";"عادي";"Normal"
"readingSettingsSpeedOff";"relu_conserve";"متوقف";"متوقف";"Arrêté"
"readingSettingsSpeedSlow";"relu_conserve";"بطيء";"بطيء";"Lent"
"readingSettingsUnlimited";"relu_conserve";"بلا حد";"بلا حد";"illimité"
"recitationContinueAccuracy";"relu_conserve";"واصل — دقة {pct}٪";"واصل — دقة {pct}٪";"Continue — {pct}% de précision"
"recitationFinalizing";"relu_conserve";"إنهاء التحليل…";"إنهاء التحليل…";"Finalisation de l'analyse…"
"recitationFinishedRestart";"relu_conserve";"انتهت — اضغط لإعادة البدء";"انتهت — اضغط لإعادة البدء";"Terminé — appuie pour recommencer"
"recitationListeningContinuous";"relu_conserve";"تلاوة متواصلة… التوقف الطبيعي = الآية التالية";"تلاوة متواصلة… التوقف الطبيعي = الآية التالية";"Récite en continu… pause naturelle = verset suivant"
"recitationMashallahAccuracy";"relu_conserve";"ما شاء الله! دقة {pct}٪";"ما شاء الله! دقة {pct}٪";"Ma cha Allah ! {pct}% de précision"
"recitationModeLabel";"relu_conserve";"وضع الحفظ";"وضع الحفظ";"Mode mémorisation"
"recitationPausedTapToResume";"reformule";"المِيكروفون متوقّف — انقر للمتابعة";"الميكروفون متوقف. اضغط لاستئناف التلاوة.";"Micro coupé — touchez pour reprendre"
"recitationRangeTitle";"relu_conserve";"{from} ← {to} ({count} آية)";"{from} ← {to} ({count} آية)";"{from} → {to} ({count, plural, =1{1 verset} other{{count} versets}})"
"recitationSegmentAnalyzing";"reformule";"{count} مقطع قيد التحليل…";"المقاطع قيد التحليل: {count}…";"{count, plural, =1{1 segment en cours d'analyse…} other{{count} segments en attente d'analyse…}}"
"recitationStatAccuracy";"relu_conserve";"الدقة";"الدقة";"Précision"
"recitationStatCorrect";"relu_conserve";"صحيح";"صحيح";"Corrects"
"recitationStatErrors";"relu_conserve";"أخطاء";"أخطاء";"Erreurs"
"recitationTapToStart";"reformule";"اضغط وتلُ (عدة آيات متتالية)";"ابدأ تلاوة الآيات تباعًا";"Appuie et récite (plusieurs versets d'affilée)"
"recitationTranscriptLabel";"relu_conserve";"النص المسموع";"النص المسموع";"Transcript modèle"
"recitationVerseTitle";"relu_conserve";"الآية {key}";"الآية {key}";"Verset {key}"
"reciterBadgeOfflineFull";"relu_conserve";"دون اتصال";"دون اتصال";"Hors-ligne"
"reciterBadgeOfflinePartial";"relu_conserve";"دون اتصال · {done}/{total}";"دون اتصال · {done}/{total}";"Hors-ligne · {done}/{total}"
"reciterBadgeOnline";"relu_conserve";"إنترنت";"إنترنت";"Internet"
"reciterDeleteAllBody";"reformule";"سيتم حذف جميع المقاطع الصوتية المحمّلة لهذا القارئ من الجهاز، وستعود القراءة عبر الإنترنت.";"ستُحذف من الجهاز جميع التلاوات المنزّلة لهذا القارئ. سيظل الاستماع إليها متاحًا عبر الإنترنت.";"Tout l'audio téléchargé pour ce récitateur sera effacé de l'appareil. La lecture repassera par internet."
"reciterDeleteAllConfirm";"relu_conserve";"حذف";"حذف";"Supprimer"
"reciterDeleteAllTitle";"reformule";"حذف التحميلات";"حذف التلاوات المنزّلة";"Supprimer les téléchargements"
"reciterDownloadAll";"reformule";"تحميل الكل ({size})";"تنزيل الكل ({size})";"Tout télécharger ({size})"
"reciterDownloadFailed";"reformule";"فشل التحميل — تحقّق من اتصالك. الملفات المحمّلة محفوظة.";"تعذّر التنزيل. تحقّق من اتصالك؛ الملفات التي اكتمل تنزيلها محفوظة.";"Échec du téléchargement — vérifie ta connexion. Ce qui est déjà téléchargé est conservé."
"reciterDownloadStop";"relu_conserve";"إيقاف";"إيقاف";"Arrêter"
"reciterDownloadingProgress";"reformule";"جارٍ التحميل… {done}/{total} آية";"جارٍ التنزيل… {done}/{total} آية";"Téléchargement… {done}/{total} versets"
"reciterDownloadsTitle";"reformule";"التحميل للاستماع دون اتصال";"تنزيل التلاوات";"Téléchargement hors-ligne"
"reciterSelectOfflineSubtitle";"relu_conserve";"حمّل سورة بسورة من أيقونة كل قارئ.";"حمّل سورة بسورة من أيقونة كل قارئ.";"Télécharge sourate par sourate depuis l'icône de chaque récitateur."
"reciterSelectOfflineTitle";"relu_conserve";"تنزيل للاستخدام دون اتصال";"تنزيل للاستخدام دون اتصال";"Téléchargement hors-ligne"
"reciterSelectStorageTotal";"relu_conserve";"{size} مستخدمة على هذا الجهاز";"{size} مستخدمة على هذا الجهاز";"{size} utilisés sur cet appareil"
"reciterSelectStreamingNote";"reformule";"القرّاء المدمجون. القراءة تتم عبر الإنترنت افتراضيًا؛ حمّل سورة للاستماع دون اتصال.";"اختر القارئ الذي تفضّله. تُشغّل التلاوة عبر الإنترنت ما لم تنزّل السورة للاستماع دون اتصال.";"Récitateurs intégrés. Par défaut la lecture passe par internet ; télécharge une sourate pour l'écouter hors-ligne."
"reciterSelectTitle";"relu_conserve";"اختيار قارئ";"اختيار قارئ";"Choisir un réciteur"
"reciterStorageUsed";"relu_conserve";"{size} على هذا الجهاز • {done}/{total} سورة دون اتصال";"{size} على هذا الجهاز • {done}/{total} سورة دون اتصال";"{size} sur cet appareil • {done}/{total} sourates hors-ligne"
"reciterSurahOffline";"relu_conserve";"متاحة دون اتصال";"متاحة دون اتصال";"Disponible hors-ligne"
"reciterVersesShort";"relu_conserve";"آية";"آية";"versets"
"riteBeforeStartTitle";"relu_conserve";"قبل البدء";"قبل البدء";"Avant de commencer"
"riteBeforeStartTooltip";"relu_conserve";"معلومات قبل البدء";"معلومات قبل البدء";"À savoir avant de commencer"
"riteDisclaimer";"reformule";"هذا الدليل مذكّر لا فتوى. تختلف المذاهب الفقهية في عدة تفاصيل ثانوية: عند الشك في الموقع، اسأل مرشدًا مؤهلاً أو المشرفين على مجموعتك.";"هذا الدليل للتذكير، وليس فتوى. تختلف بعض تفاصيل المناسك باختلاف المذاهب الفقهية. عند الشك، اسأل مرشدًا مؤهّلًا أو المشرف على مجموعتك.";"Ce guide est un aide-mémoire, pas une fatwa. Les écoles juridiques divergent sur plusieurs détails secondaires : en cas de doute sur place, demandez à un guide qualifié ou à l'encadrement de votre groupe."
"riteMarkAsDone";"reformule";"وضع علامة كمنجزة";"تأكيد إتمام الخطوة";"Marquer comme faite"
"riteNextStepTooltip";"relu_conserve";"الخطوة التالية";"الخطوة التالية";"Étape suivante"
"ritePreviousStepTooltip";"relu_conserve";"الخطوة السابقة";"الخطوة السابقة";"Étape précédente"
"riteResetConfirmAction";"relu_conserve";"إعادة البدء";"إعادة البدء";"Recommencer"
"riteResetConfirmBody";"relu_conserve";"ستُعاد جميع الخطوات المُنجزة والعدّادات إلى الصفر.";"ستُعاد جميع الخطوات المُنجزة والعدّادات إلى الصفر.";"Les étapes validées et tous les compteurs seront remis à zéro."
"riteResetConfirmTitle";"relu_conserve";"إعادة البدء؟";"إعادة البدء؟";"Recommencer ?"
"riteRestartTooltip";"relu_conserve";"إعادة بدء النسك";"إعادة بدء النسك";"Recommencer le rite"
"riteStepDone";"relu_conserve";"أُنجزت الخطوة";"أُنجزت الخطوة";"Étape faite"
"riteStepOfTotal";"relu_conserve";"الخطوة {index} من {total}";"الخطوة {index} من {total}";"ÉTAPE {index} SUR {total}"
"riteWhatWeDoLabel";"relu_conserve";"ما نقوم به";"ما نقوم به";"CE QUE L'ON FAIT"
"riteWhatWeSayLabel";"relu_conserve";"ما نقوله هنا";"ما نقوله هنا";"CE QUE L'ON DIT ICI"
"ruleNotMeasuredLabel";"reformule";"غير مقاس";"لم تُقَس الدقة بعد";"non mesurée"
"ruleReliableLabel";"relu_conserve";"موثوق";"موثوق";"fiable"
"ruleReliableLabelWithPct";"relu_conserve";"موثوق · {pct}٪";"موثوق · {pct}٪";"fiable · {pct}%"
"ruleUnreliableLabel";"relu_conserve";"غير موثوق";"غير موثوق";"peu fiable"
"ruleUnreliableLabelWithPct";"relu_conserve";"غير موثوق · {pct}٪";"غير موثوق · {pct}٪";"peu fiable · {pct}%"
"scriptSheetExplain";"reformule";"ينطبق على عرض الصفحة. الخطوط الأولى في القائمة ترسم جميع العلامات القرآنية — الوقف، السجدة، نهاية الآية، الصفر الصغير للحروف الساكنة. وأسفل القائمة ستغيب بعض العلامات عن الشاشة.";"يغيّر الخط شكل الكتابة في عرض الصفحة، ولا يغيّر الرواية أو نص الآيات. بعض الخطوط لا تُظهر جميع علامات الوقف والسجدة ونهاية الآية؛ راجع المعاينة قبل الاختيار.";"S'applique à la vue Page. Les premières de la liste dessinent tous les signes coraniques — waqf, sajda, fin de verset, petit zéro des lettres muettes. Plus bas, certains signes manqueront à l'écran."
"scriptSheetTitle";"relu_conserve";"خط المصحف";"خط المصحف";"Écriture du Mushaf"
"scriptTajwidColors";"relu_conserve";"ألوان التجويد";"ألوان التجويد";"Couleurs du tajwid"
"settingsAboutSubtitle";"relu_conserve";"الإصدار والمصادر والتراخيص والخصوصية";"الإصدار والمصادر والتراخيص والخصوصية";"Version, sources, licences et confidentialité"
"settingsAdultChunkWordCountDescription";"reformule";"يقارب سطرًا من المصحف (من 1 إلى {max} كلمة). بلا أثر في وضع الطفل، الذي يبقى كلمة بكلمة دائمًا.";"حجم المقطع من 1 إلى {max} كلمة. لا ينطبق هذا الإعداد على وضع الطفل، الذي يقسّم الآية إلى مجموعات من كلمتين، مع كلمة أخيرة منفردة إذا كان العدد فرديًا.";"Approxime une ligne du Mushaf (1 à {max} mots). Sans effet en mode Enfant, toujours mot par mot."
"settingsAdultChunkWordCountTitle";"reformule";"عدد الكلمات في كل مرحلة (وضع البالغ)";"كلمات المقطع التدريبي للبالغين";"Mots par palier (mode Adulte)"
"settingsBluetoothMicOff";"reformule";"مطفأ (مستحسن) — ميكروفون الهاتف ألتقط أفضل";"معطّل (موصى به): يُستخدم ميكروفون الهاتف لالتقاط صوت أوضح.";"Éteint (recommandé) — le micro du téléphone capte mieux"
"settingsBluetoothMicOn";"relu_conserve";"مُفعّل — جودة أقل: البلوتوث يضغط الصوت";"مُفعّل — جودة أقل: البلوتوث يضغط الصوت";"Activé — qualité réduite : le Bluetooth compresse la voix"
"settingsBluetoothMicTitle";"relu_conserve";"ميكروفون سماعة البلوتوث";"ميكروفون سماعة البلوتوث";"Micro du casque Bluetooth"
"settingsContactSubtitle";"relu_conserve";"آراء وملاحظات واقتراحات";"آراء وملاحظات واقتراحات";"Avis, remarques, suggestions"
"settingsContactTitle";"relu_conserve";"تواصل معنا";"تواصل معنا";"Nous contacter"
"settingsDiagnosticSubtitle";"reformule";"يسجّل تفاصيل التلاوة للتحليل. اتركه مطفأً في الاستعمال العادي.";"يحفظ تفاصيل التلاوة لأغراض التشخيص. يُفضّل إبقاؤه معطّلًا في الاستخدام العادي.";"Enregistre le détail de la récitation pour analyse. À laisser éteint en usage normal."
"settingsDiagnosticSubtitleOff";"relu_conserve";"مُعطَّل — لا يُكتب شيء أثناء التلاوة";"مُعطَّل — لا يُكتب شيء أثناء التلاوة";"Désactivé — aucune écriture pendant la récitation"
"settingsDiagnosticSubtitleOn";"relu_conserve";"مُفعَّل — يكتب السجل ويحفظ مقاطع الصوت";"مُفعَّل — يكتب السجل ويحفظ مقاطع الصوت";"Actif — écrit le journal et garde les extraits audio"
"settingsDiagnosticTitle";"relu_conserve";"سجل التشخيص والصوت";"سجل التشخيص والصوت";"Journal et audio de diagnostic"
"settingsDisputedCount";"reformule";"{count, plural, =1{حكم واحد معترض عليه — اضغط لإرساله} other{{count} أحكام معترض عليها — اضغط لإرسالها}}";"{count, plural, =0{لا توجد تقييمات معترض عليها} =1{تقييم واحد معترض عليه، اضغط لإرساله} =2{تقييمان معترض عليهما، اضغط لإرسالهما} few{{count} تقييمات معترض عليها، اضغط لإرسالها} many{{count} تقييمًا معترضًا عليه، اضغط للإرسال} other{التقييمات المعترض عليها: {count}، اضغط للإرسال}}";"{count, plural, =1{1 verdict contesté — appuie pour l'envoyer} other{{count} verdicts contestés — appuie pour les envoyer}}"
"settingsDisputedEmpty";"reformule";"لا توجد أحكام معترض عليها بعد — استخدم 👎 تحت ""صوتي"" أثناء التلاوة";"لا توجد اعتراضات بعد. للاعتراض على تقييم كلمة، استمع إلى تسجيلك ثم اختر «غير موافق» أسفل «صوتي».";"Aucun verdict contesté — utilise le pouce 👎 sous « Ma voix » pendant une récitation"
"settingsDisputedTitle";"reformule";"الأحكام المُعترض عليها";"التقييمات المعترض عليها";"Verdicts contestés"
"settingsExportCancelled";"relu_conserve";"أُلغي التصدير أو لا يوجد أي مقطع متاح.";"أُلغي التصدير أو لا يوجد أي مقطع متاح.";"Export annulé ou aucun clip disponible."
"settingsExportStarted";"relu_conserve";"بدأ التصدير — اختر أين ترسل الملف.";"بدأ التصدير — اختر أين ترسل الملف.";"Export lancé — choisis où envoyer le fichier."
"settingsLocaleSheetDescription";"reformule";"بالعربية، يبقى كل المحتوى (القوائم والقرآن) بالعربية دون ترجمة. بالفرنسية/الإنجليزية، يبقى القرآن دائمًا بالعربية؛ فقط القوائم والشروحات تتغيّر لغتها.";"تحدّد اللغة نصوص الواجهة والشروحات. يبقى القرآن بالعربية دائمًا، ولا تُعرض ترجمة مع الآيات عند اختيار الواجهة العربية.";"En arabe, tout le contenu (menus et Coran) reste en arabe, sans traduction. En français/anglais, le Coran reste toujours en arabe ; seuls les menus et les explications changent de langue."
"settingsLocaleTitle";"relu_conserve";"لغة التطبيق";"لغة التطبيق";"Langue de l'application"
"settingsMushafScriptTitle";"relu_conserve";"خط المصحف";"خط المصحف";"Écriture du Mushaf"
"settingsMyClipsCount";"reformule";"{count, plural, =1{تسجيل واحد محفوظ — اضغط لتصديره} other{{count} تسجيلات محفوظة — اضغط لتصديرها}}";"{count, plural, =0{لا توجد تسجيلات محفوظة} =1{تسجيل واحد محفوظ، اضغط لتصديره} =2{تسجيلان محفوظان، اضغط لتصديرهما} few{{count} تسجيلات محفوظة، اضغط لتصديرها} many{{count} تسجيلًا محفوظًا، اضغط للتصدير} other{التسجيلات المحفوظة: {count}، اضغط للتصدير}}";"{count, plural, =1{1 enregistrement conservé — appuie pour l'exporter} other{{count} enregistrements conservés — appuie pour les exporter}}"
"settingsMyClipsEmpty";"relu_conserve";"لا توجد تسجيلات — تُحفظ مع كل تلاوة";"لا توجد تسجيلات — تُحفظ مع كل تلاوة";"Aucun enregistrement — ils sont conservés à chaque récitation"
"settingsMyClipsLoading";"relu_conserve";"جارٍ التحميل…";"جارٍ التحميل…";"Chargement…"
"settingsMyClipsTitle";"relu_conserve";"تسجيلات تلاواتي";"تسجيلات تلاواتي";"Enregistrements de mes récitations"
"settingsNoiseSuppressTitle";"reformule";"كتم ضجيج الميكروفون";"تقليل ضوضاء الميكروفون";"Suppression de bruit du micro"
"settingsPrayerTimesSubtitle";"nouveau_relu";"";"أذان مُجدوَل، وتنبيه قبل الفجر";"Adhan programmé, rappel avant Sobh"
"settingsPrayerTimesTitle";"relu_conserve";"مواقيت الصلاة";"مواقيت الصلاة";"Horaires de prière"
"settingsQiblaSubtitle";"relu_conserve";"بوصلة نحو مكة من موقعك";"بوصلة نحو مكة من موقعك";"Boussole vers la Mecque depuis ta position"
"settingsQiblaTitle";"relu_conserve";"اتجاه القبلة";"اتجاه القبلة";"Direction de la Qibla"
"settingsReciterTitle";"relu_conserve";"القارئ";"القارئ";"Récitateur"
"settingsRepeatEngineSectionTitle";"relu_conserve";"التكرار التدريجي";"التكرار التدريجي";"RÉPÉTITION INCRÉMENTALE"
"settingsRepeatWindowSizeDescription";"reformule";"عدد المراحل الواجب تلاوتها معًا للتثبيت (من 1 إلى {max}). هذا العدد ثابت، والنافذة تنزلق مع تقدّم المراحل.";"قيمة محفوظة من 1 إلى {max}. لا تؤثر في التدريب الحالي، الذي يعيد المقطع من بداية الآية ويزيده تدريجيًا.";"Nombre de paliers à réciter ensemble pour valider (1 à {max}). Cette taille reste fixe, la fenêtre glisse au fil des paliers."
"settingsRepeatWindowSizeTitle";"reformule";"نافذة التلاوة (المؤشر)";"نافذة المراجعة (إعداد سابق)";"Fenêtre de récitation (curseur)"
"settingsRiwayaChangeNotice";"reformule";"التلاوات والحفظ السابقان: يُتابَعان بشكل منفصل حسب الرواية، ولن يتغيّرا.";"يُحفظ سجل التلاوة وتقدّم الحفظ لكل رواية على حدة. تغيير الرواية لا يمحو تقدّمك السابق.";"Récitations et mémorisation déjà faites : suivies séparément par riwāya, elles ne changent pas."
"settingsRiwayaHafs";"relu_conserve";"حفص عن عاصم";"حفص عن عاصم";"Hafs ‘an ‘Âsim"
"settingsRiwayaTitle";"relu_conserve";"الرواية";"الرواية";"Lecture (riwāya)"
"settingsRiwayaWarsh";"relu_conserve";"ورش عن نافع";"ورش عن نافع";"Warsh ‘an Nâfi‘"
"settingsSectionApp";"relu_conserve";"التطبيق";"التطبيق";"Application"
"settingsSectionAudio";"relu_conserve";"الصوت";"الصوت";"Audio"
"settingsSectionDiagnostic";"relu_conserve";"التشخيص";"التشخيص";"Diagnostic"
"settingsSectionDisplay";"relu_conserve";"العرض";"العرض";"Affichage"
"settingsSectionPrayer";"relu_conserve";"الصلاة";"الصلاة";"Prière"
"settingsSectionVoicePersonalization";"reformule";"تخصيص الصوت";"تخصيص التعرّف على صوتك";"Personnalisation vocale"
"settingsStyleMujawwad";"relu_conserve";"مجوّد";"مجوّد";"Mujawwad"
"settingsStyleMurattal";"relu_conserve";"مرتّل";"مرتّل";"Murattal"
"settingsTajweedColorsSubtitle";"relu_conserve";"تلوين حسب أحكام التجويد";"تلوين حسب أحكام التجويد";"Coloration selon les règles de récitation"
"settingsTajweedColorsTitle";"relu_conserve";"ألوان التجويد";"ألوان التجويد";"Couleurs Tajweed"
"settingsTitle";"relu_conserve";"الإعدادات";"الإعدادات";"Réglages"
"settingsValidate";"relu_conserve";"تأكيد";"تأكيد";"Valider"
"settingsVoiceCalibSubtitle";"reformule";"سجّل نحو 14 كلمة منطوقة عمدًا بشكل صحيح/خاطئ (ص/س، ط/ت...) لضبط حساسيتك";"سجّل نحو 14 كلمة بنطق صحيح ثم بخطأ متعمّد، مثل ص/س وط/ت، لإعداد عينات تخصيص التعرّف على صوتك.";"Enregistre ~14 mots exprès bien/mal prononcés (ص/س, ط/ت...) pour affiner ta sensibilité"
"settingsVoiceCalibTitle";"relu_conserve";"معايرة الصوت (الحروف المتشابهة)";"معايرة الصوت (الحروف المتشابهة)";"Calibration voix (lettres confusables)"
"shazamError";"relu_conserve";"حدث خطأ أثناء الاستماع.";"حدث خطأ أثناء الاستماع.";"Erreur pendant l'écoute."
"shazamFound";"relu_conserve";"تم التعرّف على المقطع!";"تم التعرّف على المقطع!";"Passage identifié !"
"shazamGoThere";"reformule";"الانتقال إليه";"فتح موضع الآية";"Y aller"
"shazamListening";"reformule";"اتلُ أو شغّل مقطعًا —
تُوجد الآية ثم تُفتح.";"اقرأ أو شغّل تلاوة مسموعة.
يبحث التطبيق عن الآية ويفتح موضعها.";"Récite ou fais écouter un passage —
le verset est retrouvé puis ouvert."
"shazamMatchLabel";"relu_conserve";"سورة {surah}، الآية {ayah}";"سورة {surah}، الآية {ayah}";"Sourate {surah}, verset {ayah}"
"shazamNotFound";"relu_conserve";"لم يتم التعرّف على المقطع.
اقترب من الصوت وأعد المحاولة.";"لم يتم التعرّف على المقطع.
اقترب من الصوت وأعد المحاولة.";"Passage non identifié.
Rapproche-toi du son et réessaie."
"shazamSearching";"reformule";"البحث في القرآن...";"جارٍ البحث عن الآية…";"Recherche dans le Coran..."
"surahMeccan";"relu_conserve";"مكية";"مكية";"Mecquoise"
"surahMedinan";"relu_conserve";"مدنية";"مدنية";"Médinoise"
"surahMetaLine";"reformule";"{count} آية • {place}";"{count, plural, =1{آية واحدة} =2{آيتان} few{{count} آيات} other{{count} آية}} • {place}";"{count, plural, =1{1 verset} other{{count} versets}} • {place}"
"surahOrnamentMeta";"reformule";"{place} · {count} آية";"{place} · {count, plural, =1{آية واحدة} =2{آيتان} few{{count} آيات} other{{count} آية}}";"{place} · {count, plural, =1{1 verset} other{{count} versets}}"
"surahPickerLoadListError";"relu_conserve";"تعذّر تحميل السور: {error}";"تعذّر تحميل السور: {error}";"Impossible de charger les sourates : {error}"
"surahPickerLoadVersesError";"relu_conserve";"تعذّر التحميل: {error}";"تعذّر التحميل: {error}";"Chargement impossible : {error}"
"surahPickerVerseCount";"reformule";"{count} آية";"{count, plural, =0{لا آيات} =1{آية واحدة} =2{آيتان} few{{count} آيات} other{{count} آية}}";"{count, plural, =1{1 verset} other{{count} versets}}"
"tajwidHelpAnalyzing";"relu_conserve";"التحليل جارٍ…";"التحليل جارٍ…";"Analyse en cours…"
"tajwidHelpClose";"relu_conserve";"إغلاق";"إغلاق";"Fermer"
"tajwidHelpCorrectedHeard";"relu_conserve";"تم التصحيح — المسموع: ""{text}""";"تم التصحيح — المسموع: ""{text}""";"Corrigé — entendu : ""{text}"""
"tajwidHelpFinishRecording";"relu_conserve";"إنهاء التسجيل";"إنهاء التسجيل";"Terminer l'enregistrement"
"tajwidHelpGameOrSteps";"reformule";"لعبة أو تدريب بالمراحل";"لعبة أو تدريب تدريجي";"Jeu ou entraînement par paliers"
"tajwidHelpListenImitate";"relu_conserve";"استمع، قلّد، تحقّق — في هذه الآية";"استمع، قلّد، تحقّق — في هذه الآية";"Écoute, imite, contrôle — sur ce verset"
"tajwidHelpListenPronunciation";"relu_conserve";"استماع للنطق";"استماع للنطق";"ÉCOUTER LA PRONONCIATION"
"tajwidHelpListenWithReciter";"relu_conserve";"استماع — {name}";"استماع — {name}";"Écouter — {name}"
"tajwidHelpNotYetHeard";"reformule";"ليس بعد — المسموع: ""{text}"". أعد المحاولة على راحتك.";"لم يتعرّف التطبيق على النطق المطلوب بعد. المسموع: «{text}». حاول مجددًا بهدوء.";"Pas encore — entendu : ""{text}"". Réessaie, à ton rythme."
"tajwidHelpNothingHeard";"relu_conserve";"(لم يُسمع شيء)";"(لم يُسمع شيء)";"(rien entendu)"
"tajwidHelpPlaying";"relu_conserve";"قيد التشغيل…";"قيد التشغيل…";"Lecture…"
"tajwidHelpPlusBoth";"relu_conserve";"+ السابقة والتالية";"+ السابقة والتالية";"+ précédent et suivant"
"tajwidHelpPlusPrevious";"relu_conserve";"+ الكلمة السابقة";"+ الكلمة السابقة";"+ mot précédent"
"tajwidHelpRecordThisWord";"relu_conserve";"سجّل هذه الكلمة";"سجّل هذه الكلمة";"S'enregistrer sur ce mot"
"tajwidHelpRecordWithContext";"relu_conserve";"قل أيضًا الكلمات المحيطة بها، وليس هذه الكلمة فقط:";"قل أيضًا الكلمات المحيطة بها، وليس هذه الكلمة فقط:";"Dis aussi le(s) mot(s) autour, pas seulement celui-ci :"
"tajwidHelpRecordWithContextNone";"relu_conserve";"قل هذه الكلمة، فهي أول كلمة في الآية.";"قل هذه الكلمة، فهي أول كلمة في الآية.";"Dis ce mot, c'est le tout premier du verset."
"tajwidHelpRetryThisWord";"reformule";"إعادة المحاولة على هذه الكلمة";"إعادة تلاوة هذه الكلمة";"RÉESSAYER CE MOT"
"tajwidHelpRulesInVerse";"relu_conserve";"الأحكام في هذه الآية";"الأحكام في هذه الآية";"RÈGLES DANS CE VERSET"
"tajwidHelpStepTraining";"reformule";"تدريب بالمراحل";"تدريب تدريجي";"Entraînement par paliers"
"tajwidHelpThisWord";"relu_conserve";"هذه الكلمة";"هذه الكلمة";"Ce mot"
"tajwidHelpTwoVersesBefore";"relu_conserve";"بدءًا من آيتين قبلها";"بدءًا من آيتين قبلها";"En partant deux versets avant"
"tajwidHelpVerseLabel";"relu_conserve";"الآية {key}";"الآية {key}";"Verset {key}"
"tajwidHelpVoiceFeedbackNeedsListen";"relu_conserve";"استمع إلى ""صوتي"" أعلاه لإبداء رأيك";"استمع إلى ""صوتي"" أعلاه لإبداء رأيك";"Écoute « Ma voix » ci-dessus pour donner ton avis"
"tajwidHelpVoiceFeedbackPrompt";"reformule";"هل سمع التطبيق بشكل صحيح؟";"هل توافق على تقييم التطبيق لهذه الكلمة؟";"L'app a-t-elle bien entendu ?"
"tajwidHelpVoiceFeedbackThanks";"reformule";"شكرًا، تم التسجيل";"شكرًا، حُفظت ملاحظتك";"Merci, c'est noté"
"tajwidHelpVoiceThumbsDown";"relu_conserve";"غير موافق، لقد نطقتها صحيحة";"غير موافق، لقد نطقتها صحيحة";"Pas d'accord, je l'ai bien dit"
"tajwidHelpVoiceThumbsUp";"relu_conserve";"موافق، هذا خطأ فعلي";"موافق، هذا خطأ فعلي";"D'accord, c'est une vraie erreur"
"tajwidPresetAdult";"reformule";"بالغ";"للبالغين";"Adulte"
"tajwidPresetChild";"reformule";"طفل";"للأطفال";"Enfant"
"tajwidPresetTajwid";"relu_conserve";"تجويد";"تجويد";"Tajwid"
"tajwidRuleGhunnahExplanation";"relu_conserve";"صوت أنفي يُمَدّ نحو حركتين (نون أو ميم مشدّدة)، أو إخفاء مع غنّة.";"صوت أنفي يُمَدّ نحو حركتين (نون أو ميم مشدّدة)، أو إخفاء مع غنّة.";"Son nasal tenu environ 2 temps (noûn/mîm doublé), ou dissimulation avec nasalisation."
"tajwidRuleGhunnahName";"relu_conserve";"غنّة / إخفاء";"غنّة / إخفاء";"Ghunna / Ikhfâ'"
"tajwidRuleHamWaslExplanation";"relu_conserve";"لا تُنطق إلا في بداية القراءة — تسقط عند الوصل بالكلمة السابقة.";"لا تُنطق إلا في بداية القراءة — تسقط عند الوصل بالكلمة السابقة.";"Ne se prononce qu'en début de lecture — s'élide quand on enchaîne depuis le mot précédent."
"tajwidRuleHamWaslName";"relu_conserve";"همزة الوصل";"همزة الوصل";"Hamzat al-wasl"
"tajwidRuleIdghamGhunnahExplanation";"relu_conserve";"تُدغم النون الساكنة أو التنوين في الحرف التالي (ي ن م و) مع غنّة.";"تُدغم النون الساكنة أو التنوين في الحرف التالي (ي ن م و) مع غنّة.";"Le noûn sâkin/tanwîn s'assimile à la lettre suivante (ي ن م و) avec nasalisation."
"tajwidRuleIdghamGhunnahName";"relu_conserve";"إدغام بغنّة";"إدغام بغنّة";"Idghâm avec ghunna"
"tajwidRuleIdghamMutajanisaynExplanation";"relu_conserve";"حرفان من نفس المخرج: يُدغم الأول في الثاني.";"حرفان من نفس المخرج: يُدغم الأول في الثاني.";"Deux lettres de même point d'articulation : la première s'assimile à la seconde."
"tajwidRuleIdghamMutajanisaynName";"relu_conserve";"إدغام متجانسَين";"إدغام متجانسَين";"Idghâm mutajânisayn"
"tajwidRuleIdghamMutaqaribaynExplanation";"relu_conserve";"حرفان متقاربا المخرج: يُدغم الأول في الثاني.";"حرفان متقاربا المخرج: يُدغم الأول في الثاني.";"Deux lettres proches : la première s'assimile à la seconde."
"tajwidRuleIdghamMutaqaribaynName";"relu_conserve";"إدغام متقارِبَين";"إدغام متقارِبَين";"Idghâm mutaqâribayn"
"tajwidRuleIdghamShafawiExplanation";"relu_conserve";"تُدغم الميم الساكنة في الميم التالية، مع غنّة.";"تُدغم الميم الساكنة في الميم التالية، مع غنّة.";"Le mîm sâkin s'assimile au mîm suivant, avec nasalisation."
"tajwidRuleIdghamShafawiName";"relu_conserve";"إدغام شفوي";"إدغام شفوي";"Idghâm shafawî"
"tajwidRuleIdghamWoGhunnahExplanation";"relu_conserve";"تُدغم النون الساكنة أو التنوين إدغامًا كاملًا في الحرف التالي (ل ر)، دون غنّة.";"تُدغم النون الساكنة أو التنوين إدغامًا كاملًا في الحرف التالي (ل ر)، دون غنّة.";"Le noûn sâkin/tanwîn s'assimile complètement à la lettre suivante (ل ر), sans nasalisation."
"tajwidRuleIdghamWoGhunnahName";"relu_conserve";"إدغام بلا غنّة";"إدغام بلا غنّة";"Idghâm sans ghunna"
"tajwidRuleIkhafaExplanation";"relu_conserve";"تُنطق النون الساكنة أو التنوين مُخفاة بين النون والحرف التالي، مع غنّة.";"تُنطق النون الساكنة أو التنوين مُخفاة بين النون والحرف التالي، مع غنّة.";"Le noûn sâkin/tanwîn se prononce ""caché"", entre le noûn et la lettre suivante, avec nasalisation."
"tajwidRuleIkhafaName";"relu_conserve";"إخفاء";"إخفاء";"Ikhfâ' (dissimulation)"
"tajwidRuleIkhafaShafawiExplanation";"relu_conserve";"تُنطق الميم الساكنة قبل الباء مخفاة قليلًا، مع غنّة.";"تُنطق الميم الساكنة قبل الباء مخفاة قليلًا، مع غنّة.";"Le mîm sâkin devant bâ' se prononce légèrement dissimulé, avec nasalisation."
"tajwidRuleIkhafaShafawiName";"relu_conserve";"إخفاء شفوي";"إخفاء شفوي";"Ikhfâ' shafawî"
"tajwidRuleIqlabExplanation";"relu_conserve";"تُقلب النون الساكنة أو التنوين ميمًا قبل الباء، مع غنّة.";"تُقلب النون الساكنة أو التنوين ميمًا قبل الباء، مع غنّة.";"Le noûn sâkin/tanwîn devient mîm devant la lettre bâ', avec nasalisation."
"tajwidRuleIqlabName";"relu_conserve";"إقلاب";"إقلاب";"Iqlâb (conversion)"
"tajwidRuleLaamShamsiyahExplanation";"relu_conserve";"لا تُنطق لام «ال» بل يُشدَّد الحرف التالي بدلًا منها.";"لا تُنطق لام «ال» بل يُشدَّد الحرف التالي بدلًا منها.";"Le lâm de ""ال"" ne se prononce pas : la lettre suivante est doublée à la place."
"tajwidRuleLaamShamsiyahName";"relu_conserve";"لام شمسية";"لام شمسية";"Lâm solaire"
"tajwidRuleMaddaNecessaryExplanation";"relu_conserve";"مدّ إلزامي مقداره ست حركات.";"مدّ إلزامي مقداره ست حركات.";"Allongement obligatoire de 6 temps (madd lâzim)."
"tajwidRuleMaddaNecessaryName";"relu_conserve";"مدّ لازم (٦ حركات)";"مدّ لازم (٦ حركات)";"Madd — 6 temps (obligatoire)"
"tajwidRuleMaddaObligatoryExplanation";"relu_conserve";"مدّ إلزامي مقداره أربع إلى خمس حركات.";"مدّ إلزامي مقداره أربع إلى خمس حركات.";"Allongement obligatoire de 4 à 5 temps."
"tajwidRuleMaddaObligatoryName";"relu_conserve";"مدّ واجب (٤ أو ٥ حركات)";"مدّ واجب (٤ أو ٥ حركات)";"Madd — 4 ou 5 temps (obligatoire)"
"tajwidRuleMaddaPermissibleExplanation";"relu_conserve";"مدّ مقداره حركتان أو أربع أو ست حركات حسب رواية القراءة.";"مدّ مقداره حركتان أو أربع أو ست حركات حسب رواية القراءة.";"Allongement de 2, 4 ou 6 temps selon l'école de lecture."
"tajwidRuleMaddaPermissibleName";"relu_conserve";"مدّ جائز (٢ أو ٤ أو ٦ حركات)";"مدّ جائز (٢ أو ٤ أو ٦ حركات)";"Madd — 2, 4 ou 6 temps (permis)"
"tajwidRuleQalaqahExplanation";"relu_conserve";"ارتداد صوتي على حروف ق ط ب ج د عند سكونها.";"ارتداد صوتي على حروف ق ط ب ج د عند سكونها.";"Rebond sonore sur ق ط ب ج د quand elles portent un soukoûn."
"tajwidRuleQalaqahName";"relu_conserve";"قلقلة";"قلقلة";"Qalqala (rebond)"
"tajwidRuleSlntExplanation";"relu_conserve";"يُكتب ولا يُنطق.";"يُكتب ولا يُنطق.";"S'écrit mais ne se prononce pas."
"tajwidRuleSlntName";"reformule";"حرف صامت";"حرف غير منطوق";"Lettre muette"
"tajwidRulesBetaBadge";"relu_conserve";"تجريبي";"تجريبي";"BÊTA"
"tajwidRulesBetaNote";"reformule";"تُفحص القواعد حسب الوضع المختار أعلاه، على سبيل الإرشاد فقط.";"يتحقّق التطبيق من الأحكام بحسب الوضع المختار أعلاه. النتائج إرشادية وقد تخطئ.";"Règles vérifiées selon le mode choisi ci-dessus, à titre indicatif."
"tajwidRulesBetaSection";"reformule";"قواعد التجويد (تجريبي)";"أحكام التجويد (تجريبي)";"RÈGLES DE TAJWID (BÊTA)"
"tajwidRulesBetaWarning";"reformule";"الكشف ما زال غير دقيق: قد تُثير هذه القاعدة شكًّا، لكنها لن تُصحّح كلمة بمفردها.";"التعرّف على هذا الحكم ما زال غير دقيق. قد يستدعي مراجعة الكلمة، لكنه لا يكفي وحده لاعتبارها صحيحة.";"Détection encore imprécise : cette règle peut signaler un doute, mais ne validera jamais un mot en vert à elle seule."
"tajwidRulesConfusablesSubtitle";"reformule";"ص/س، ط/ت، ض/د، ذ/ز، ح/ه، ق/ك، ع/ء تُحتسب متكافئة (وضع الطفل)";"يسمح التقييم ببعض الخلط بين الحروف، مثل ص/س وط/ت، للتدرّب في وضع الطفل. هذا تساهل في التقييم، وليس إقرارًا بصحة النطق.";"ص/س, ط/ت, ض/د, ذ/ز, ح/ه, ق/ك, ع/ء comptées équivalentes (mode enfant)"
"tajwidRulesConfusablesTitle";"relu_conserve";"التسامح مع الحروف المتقاربة";"التسامح مع الحروف المتقاربة";"Tolérer les lettres proches"
"tajwidRulesHarakatSubtitle";"reformule";"معطّل: الحركات القصيرة لا تُحتسب خطأً";"عند تعطيله، لا تُحتسب الفروق في الحركات القصيرة أخطاءً.";"Désactivé : les voyelles courtes ne comptent pas comme erreur"
"tajwidRulesHarakatTitle";"reformule";"الحركات مطلوبة";"التدقيق في الحركات";"Harakat exigées"
"tajwidRulesImpreciseNote";"relu_conserve";"الكشف لا يزال غير دقيق: قد يشير هذا الحكم إلى شك، لكنه لن يصادق وحده على كلمة باللون الأخضر.";"الكشف لا يزال غير دقيق: قد يشير هذا الحكم إلى شك، لكنه لن يصادق وحده على كلمة باللون الأخضر.";"Détection encore imprécise : cette règle peut signaler un doute, mais ne validera jamais un mot en vert à elle seule."
"tajwidRulesLoadError";"relu_conserve";"خطأ: {error}";"خطأ: {error}";"Erreur : {error}"
"tajwidRulesScreenTitle";"relu_conserve";"التحقق من التلاوة";"التحقق من التلاوة";"Vérification de la récitation"
"tajwidRulesSectionSubtitle";"relu_conserve";"اختر الأحكام التي يتحقق منها التطبيق أثناء تلاوتك.";"اختر الأحكام التي يتحقق منها التطبيق أثناء تلاوتك.";"Choisissez les règles que l'app doit vérifier pendant votre récitation."
"tajwidRulesSectionTitle";"relu_conserve";"أحكام التجويد";"أحكام التجويد";"RÈGLES DE TAJWID"
"tajwidRulesTitle";"relu_conserve";"التحقق من التلاوة";"التحقق من التلاوة";"Vérification de la récitation"
"visiteCoachTexte";"relu_conserve";"متابعتك: ما قرأته، وما بقي للمراجعة.";"متابعتك: ما قرأته، وما بقي للمراجعة.";"Ton suivi : ce que tu as récité, ce qui reste à revoir."
"visiteCoranTexte";"relu_conserve";"المصحف كاملاً. اضغط على سورة لقراءتها أو الاستماع إليها.";"المصحف كاملاً. اضغط على سورة لقراءتها أو الاستماع إليها.";"Le Mushaf complet. Appuie sur une sourate pour la lire ou l'écouter."
"visiteDuasTexte";"relu_conserve";"أدعية اليوم والصلاة والسفر، مرتبة حسب المناسبة.";"أدعية اليوم والصلاة والسفر، مرتبة حسب المناسبة.";"Les invocations du jour, de la prière, du voyage — classées par moment."
"visiteFinTexte";"relu_conserve";"هذا كل شيء. يمكنك إعادة هذه الجولة متى شئت من الإعدادات.";"هذا كل شيء. يمكنك إعادة هذه الجولة متى شئت من الإعدادات.";"C'est tout. Tu peux revoir cette visite quand tu veux depuis les réglages."
"visiteFinTitre";"relu_conserve";"الدور عليك";"الدور عليك";"À toi de jouer"
"voiceCalibCorrectInstruction";"relu_conserve";"انطق هذه الكلمة بشكل صحيح، كالمعتاد.";"انطق هذه الكلمة بشكل صحيح، كالمعتاد.";"Dis ce mot correctement, comme d'habitude."
"voiceCalibDoneBody";"reformule";"تم تسجيل {count} مقطع. ستنضم إلى مقاطعك الموثّقة — صدّرها من الإعدادات لبدء التخصيص.";"اكتمل تسجيل المقاطع: {count}. أُضيفت إلى عيناتك الموثّقة؛ صدّرها من الإعدادات لإعداد تخصيص التعرّف على صوتك.";"{count, plural, =1{1 clip enregistré.} other{{count} clips enregistrés.}} Ils rejoignent tes clips vérifiés — exporte-les depuis Réglages pour lancer la personnalisation."
"voiceCalibDoneTitle";"relu_conserve";"اكتملت المعايرة!";"اكتملت المعايرة!";"Calibration terminée !"
"voiceCalibRecording";"relu_conserve";"التسجيل جارٍ… اضغط للإيقاف";"التسجيل جارٍ… اضغط للإيقاف";"Enregistrement… touche pour arrêter"
"voiceCalibSave";"relu_conserve";"حفظ";"حفظ";"Enregistrer"
"voiceCalibSavedSnackbar";"reformule";"تم تسجيل {count} مقطع معايرة — صدّرها من الإعدادات لتخصيص النموذج.";"مقاطع المعايرة المحفوظة: {count}. يمكنك تصديرها من الإعدادات لتخصيص النموذج.";"{count, plural, =1{1 clip de calibration enregistré} other{{count} clips de calibration enregistrés}} — exporte-les depuis Réglages pour personnaliser le modèle."
"voiceCalibTapToRecord";"relu_conserve";"اضغط للتسجيل";"اضغط للتسجيل";"Touche pour enregistrer"
"voiceCalibTitle";"relu_conserve";"معايرة الصوت";"معايرة الصوت";"Calibration voix"
"voiceCalibWordProgress";"relu_conserve";"الكلمة {index}/{total} — {reference}";"الكلمة {index}/{total} — {reference}";"Mot {index}/{total} — {reference}"
"voiceCalibWrongInstruction";"relu_conserve";"انطق هذه الكلمة مستبدلاً عمدًا حرف ""{target}"" بحرف ""{confused}"" — خطأ متعمّد، لا تلاوة حقيقية.";"انطق هذه الكلمة مستبدلاً عمدًا حرف ""{target}"" بحرف ""{confused}"" — خطأ متعمّد، لا تلاوة حقيقية.";"Dis ce mot en remplaçant EXPRÈS le ""{target}"" par un ""{confused}"" — une faute volontaire, pas une vraie récitation."
